,stockno,stock_name,shares,turnover,amount,open,high,low,close,change,finalprice,finalamount,finalsoldprice,finalsoldamount,PEratio,date,month,day
0,1101,台泥,14551789,4986,624946088,42.85,43.10,42.80,43.00,0.05,42.95,190,43.00,"1,070",10.59,20191218,12,18
1,1101B,台泥乙特,8407,11,448751,53.50,53.50,53.10,53.50,0.0,53.40,1,53.50,2,0.00,20191218,12,18
2,1102,亞泥,6952800,3109,332605795,47.65,48.00,47.55,47.95,0.3,47.90,49,47.95,252,10.56,20191218,12,18
3,1103,嘉泥,1014419,372,20284449,19.95,20.10,19.80,20.10,0.15,20.05,5,20.10,128,9.95,20191218,12,18
4,1104,環泥,955901,472,18570123,19.35,19.55,19.30,19.50,0.15,19.45,6,19.50,57,12.75,20191218,12,18
5,1108,幸福,299010,135,2389659,7.94,8.07,7.94,7.99,0.07,7.95,10,7.99,6,0.00,20191218,12,18
6,1109,信大,344207,196,6584233,19.15,19.20,19.05,19.10,-0.05,19.10,6,19.15,24,6.68,20191218,12,18
7,1110,東泥,108038,56,1851352,17.00,17.30,17.00,17.30,0.3,17.05,1,17.30,24,865.00,20191218,12,18
8,1201,味全,1465408,713,36063602,24.75,24.75,24.55,24.60,-0.1,24.60,22,24.65,1,9.92,20191218,12,18
9,1203,味王,78543,59,2133212,27.00,27.45,27.00,27.30,0.3,27.15,3,27.30,1,14.84,20191218,12,18
10,1210,大成,12939861,7735,563582014,42.45,44.20,42.45,43.70,1.55,43.70,1,43.75,1,15.07,20191218,12,18
11,1213,大飲,3214,7,19570,6.10,6.10,6.10,6.10,-0.12,6.07,1,6.20,3,0.00,20191218,12,18
12,1215,卜蜂,1920102,1395,124781567,65.10,65.50,64.50,65.50,0.1,65.40,18,65.50,37,14.00,20191218,12,18
13,1216,統一,8924028,3340,653158130,72.60,73.50,72.60,73.50,0.9,73.40,9,73.50,395,22.21,20191218,12,18
14,1217,愛之味,1141773,483,8113223,7.07,7.14,7.07,7.12,0.05,7.12,21,7.13,16,44.50,20191218,12,18
15,1218,泰山,378031,221,8380932,22.10,22.25,22.10,22.20,0.1,22.15,5,22.20,24,19.82,20191218,12,18
16,1219,福壽,89597,72,1641542,18.00,18.80,18.00,18.60,0.65,18.40,1,18.60,4,68.89,20191218,12,18
17,1220,台榮,39013,33,414586,10.65,10.65,10.60,10.65,0.0,10.60,4,10.65,29,19.02,20191218,12,18
18,1225,福懋油,158136,172,5651674,35.20,35.95,35.15,35.80,0.6,35.70,1,35.80,7,24.03,20191218,12,18
19,1227,佳格,2357618,1754,170417989,71.30,72.90,71.30,72.40,1.1,72.30,3,72.40,31,20.45,20191218,12,18
20,1229,聯華,3443578,2072,125350899,36.00,36.65,35.90,36.65,0.7,36.60,33,36.65,136,14.10,20191218,12,18
21,1231,聯華食,236004,222,9829006,41.50,41.90,41.45,41.80,0.3,41.75,6,41.80,2,15.14,20191218,12,18
22,1232,大統益,145347,180,17493987,121.00,121.00,120.00,120.50,0.0,120.00,78,121.00,9,18.83,20191218,12,18
23,1233,天仁,29150,25,1133161,38.80,39.00,38.75,38.75,-0.05,38.65,1,38.75,8,22.27,20191218,12,18
24,1234,黑松,222751,147,7220005,32.35,32.50,32.35,32.45,0.1,32.45,13,32.50,5,16.14,20191218,12,18
25,1235,興泰,38109,47,819281,21.40,21.65,21.40,21.50,0.05,21.50,9,21.55,18,358.33,20191218,12,18
26,1236,宏亞,239561,160,3260748,13.10,14.30,13.05,13.65,0.55,13.65,1,13.75,10,85.31,20191218,12,18
27,1256,鮮活果汁-KY,183083,188,40970092,220.50,226.00,220.50,224.00,4.0,224.00,1,225.00,5,14.56,20191218,12,18
28,1301,台塑,10884002,6171,1091530165,99.10,101.50,98.60,101.50,2.4,101.00,76,101.50,697,17.71,20191218,12,18
29,1303,南亞,7166647,2889,520942595,72.60,72.90,72.40,72.60,-0.1,72.60,356,72.70,21,24.78,20191218,12,18
30,1304,台聚,3270315,1246,47451311,14.50,14.60,14.45,14.50,0.0,14.50,6,14.55,344,17.26,20191218,12,18
31,1305,華夏,771966,428,16413016,21.35,21.35,21.20,21.30,0.0,21.25,6,21.30,139,21.73,20191218,12,18
32,1307,三芳,100525,89,2391684,23.70,23.90,23.70,23.75,0.0,23.75,1,23.80,47,23.06,20191218,12,18
33,1308,亞聚,543711,265,8756876,16.10,16.20,16.05,16.10,0.0,16.05,22,16.10,11,15.63,20191218,12,18
34,1309,台達化,1393691,416,15801550,11.30,11.45,11.25,11.35,0.05,11.30,34,11.35,49,27.02,20191218,12,18
35,1310,台苯,986215,528,20556610,20.80,20.90,20.75,20.90,0.05,20.85,47,20.90,188,12.22,20191218,12,18
36,1312,國喬,5278282,2005,97585744,18.40,18.60,18.40,18.45,0.05,18.45,175,18.50,223,8.50,20191218,12,18
37,1312A,國喬特,2000,2,68700,34.35,34.35,34.35,34.35,0.0,34.35,4,34.40,18,0.00,20191218,12,18
38,1313,聯成,5532503,1683,62123961,11.05,11.35,11.05,11.25,0.25,11.25,167,11.30,343,0.00,20191218,12,18
39,1314,中石化,9880373,1929,96261977,9.75,9.76,9.71,9.74,-0.01,9.74,38,9.75,570,19.10,20191218,12,18
40,1315,達新,728527,404,33681515,46.10,46.70,45.85,46.20,0.2,46.00,10,46.20,11,12.59,20191218,12,18
41,1316,上曜,3185754,786,45133366,14.00,14.25,13.95,14.15,0.2,14.15,12,14.20,150,0.00,20191218,12,18
42,1319,東陽,2465473,1451,115346032,46.40,47.00,46.20,47.00,1.0,46.95,2,47.00,99,14.16,20191218,12,18
43,1321,大洋,169000,98,6208350,36.80,36.80,36.50,36.75,0.05,36.75,5,36.80,1,245.00,20191218,12,18
44,1323,永裕,82100,54,2779925,33.95,34.00,33.75,34.00,0.0,33.80,1,34.00,43,10.40,20191218,12,18
45,1324,地球,67001,32,642549,9.70,9.70,9.50,9.66,-0.04,9.64,2,9.66,1,0.00,20191218,12,18
46,1325,恆大,25217,19,389991,15.45,15.55,15.45,15.50,0.0,15.45,18,15.50,6,31.00,20191218,12,18
47,1326,台化,7078921,3504,623879818,88.20,88.50,87.60,88.30,0.1,88.30,97,88.40,37,17.91,20191218,12,18
48,1337,再生-KY,555164,249,3298366,5.88,5.98,5.88,5.93,0.07,5.93,9,5.95,21,0.00,20191218,12,18
49,1338,廣華-KY,145001,119,9604169,66.20,66.50,65.80,65.80,-0.4,65.70,3,65.80,3,14.62,20191218,12,18
50,1339,昭輝,2968367,1987,149977552,49.00,51.60,48.80,51.30,1.75,51.30,4,51.40,7,10.47,20191218,12,18
51,1340,勝悅-KY,207869,136,3209920,15.50,15.50,15.35,15.50,0.0,15.45,6,15.50,12,0.00,20191218,12,18
52,1341,富林-KY,6000,5,358500,59.90,59.90,59.50,59.80,0.1,59.10,1,59.80,3,10.97,20191218,12,18
53,1402,遠東新,7072454,3250,213561873,30.20,30.30,30.10,30.15,-0.05,30.15,202,30.20,167,16.75,20191218,12,18
54,1409,新纖,4011802,1444,48738714,12.05,12.35,12.00,12.25,0.25,12.25,12,12.30,96,9.80,20191218,12,18
55,1410,南染,87006,39,2758592,31.80,32.15,30.95,32.15,0.65,31.80,1,32.15,1,25.72,20191218,12,18
56,1413,宏洲,107954,39,1026631,9.55,9.55,9.49,9.53,-0.04,9.53,1,9.55,48,8.59,20191218,12,18
57,1414,東和,162937,102,1167930,7.14,7.20,7.13,7.19,0.06,7.18,1,7.20,28,0.00,20191218,12,18
58,1416,廣豐,60963,71,829739,13.65,13.65,13.55,13.55,-0.1,13.55,16,13.65,5,15.57,20191218,12,18
59,1417,嘉裕,1660834,398,17674514,10.60,10.65,10.55,10.65,0.05,10.60,15,10.65,180,0.00,20191218,12,18
60,1418,東華,56192,19,332161,5.93,5.93,5.78,5.93,0.13,5.83,3,6.00,1,0.00,20191218,12,18
61,1419,新紡,16500,21,711797,42.65,43.50,42.65,43.40,0.6,42.90,1,43.40,1,35.28,20191218,12,18
62,1423,利華,49468,31,513019,10.35,10.40,10.35,10.40,0.05,10.35,26,10.40,17,0.00,20191218,12,18
63,1432,大魯閣,41383,29,280487,6.78,6.82,6.72,6.79,0.0,6.78,3,6.79,4,0.00,20191218,12,18
64,1434,福懋,1626784,912,55903703,34.35,34.45,34.30,34.45,0.0,34.45,44,34.50,110,16.97,20191218,12,18
65,1435,中福,230237,58,1632131,7.08,7.12,7.08,7.11,0.03,7.10,3,7.11,4,355.50,20191218,12,18
66,1436,華友聯,66010,27,2377556,35.95,36.10,35.90,36.10,0.1,36.10,4,36.30,5,22.70,20191218,12,18
67,1437,勤益控,224531,124,5742212,25.55,25.75,25.50,25.60,0.1,25.60,7,25.65,33,6.07,20191218,12,18
68,1438,裕豐,43000,12,571450,13.40,13.40,13.15,13.15,0.05,13.25,1,13.30,30,0.00,20191218,12,18
69,1439,中和,332958,210,10586966,31.40,31.95,31.40,31.70,0.3,31.70,2,31.75,11,3.27,20191218,12,18
70,1440,南紡,1673375,556,17659493,10.60,10.60,10.50,10.55,0.0,10.55,2,10.60,61,0.00,20191218,12,18
71,1441,大東,118938,76,905065,7.70,7.70,7.58,7.65,0.03,7.62,3,7.68,3,0.00,20191218,12,18
72,1442,名軒,831087,352,15387957,18.40,19.10,18.35,18.40,0.05,18.35,18,18.40,17,70.77,20191218,12,18
73,1443,立益,128232,24,1245842,9.86,9.86,9.70,9.78,0.07,9.71,20,9.77,3,0.00,20191218,12,18
74,1444,力麗,4280406,1679,40546534,9.40,9.56,9.40,9.50,0.28,9.49,66,9.50,11,27.14,20191218,12,18
75,1445,大宇,99004,32,693495,7.03,7.03,6.99,7.00,0.01,7.00,3,7.02,4,0.00,20191218,12,18
76,1446,宏和,736848,482,26319137,34.90,36.25,34.90,36.25,1.5,36.20,31,36.30,38,0.00,20191218,12,18
77,1447,力鵬,2190091,650,15656941,7.13,7.19,7.10,7.13,0.06,7.13,28,7.14,1,0.00,20191218,12,18
78,1449,佳和,1453796,744,20048749,13.90,14.40,13.00,13.45,-0.2,13.45,3,13.60,60,0.00,20191218,12,18
79,1451,年興,309940,238,6456992,20.90,20.95,20.75,20.90,0.0,20.90,9,20.95,21,38.70,20191218,12,18
80,1452,宏益,87740,63,1606117,18.25,18.35,18.25,18.35,0.1,18.30,1,18.35,70,14.45,20191218,12,18
81,1453,大將,99255,29,793788,8.01,8.01,7.98,8.01,0.01,8.01,1,8.09,3,0.00,20191218,12,18
82,1454,台富,117940,71,917267,7.78,7.83,7.76,7.76,-0.06,7.76,5,7.80,9,32.33,20191218,12,18
83,1455,集盛,937095,404,7592448,8.07,8.14,8.04,8.14,0.13,8.13,16,8.14,20,0.00,20191218,12,18
84,1456,怡華,236544,117,2756301,11.50,11.90,11.50,11.65,-0.35,11.65,10,11.70,7,36.41,20191218,12,18
85,1457,宜進,401497,146,5702602,14.20,14.25,14.15,14.25,0.0,14.20,42,14.25,127,9.90,20191218,12,18
86,1459,聯發,198826,73,1374076,6.81,6.95,6.81,6.95,0.14,6.95,9,6.96,2,0.00,20191218,12,18
87,1460,宏遠,579457,264,5355112,9.26,9.34,9.20,9.22,-0.04,9.21,43,9.22,7,0.00,20191218,12,18
88,1463,強盛,120016,76,1574660,13.10,13.15,13.05,13.15,0.05,13.10,21,13.15,25,15.29,20191218,12,18
89,1464,得力,755908,529,19897581,26.60,26.60,26.20,26.25,0.0,26.25,191,26.30,9,21.52,20191218,12,18
90,1465,偉全,147200,104,2191890,14.75,15.00,14.70,14.85,0.3,14.85,26,14.95,7,4.17,20191218,12,18
91,1466,聚隆,54394,31,409994,7.57,7.59,7.51,7.57,-0.05,7.56,6,7.58,1,0.00,20191218,12,18
92,1467,南緯,536451,163,4569696,8.48,8.59,8.47,8.57,0.1,8.56,8,8.57,3,40.81,20191218,12,18
93,1468,昶和,13001,14,130079,9.93,10.10,9.92,10.10,0.0,9.91,3,10.10,6,37.41,20191218,12,18
94,1470,大統新創,26988,21,609534,22.65,22.90,21.90,22.50,1.0,22.20,1,22.55,1,24.46,20191218,12,18
95,1471,首利,86027,46,184233,2.11,2.19,2.11,2.15,-0.04,2.15,2,2.18,1,0.00,20191218,12,18
96,1472,三洋紡,276967,118,7469225,27.25,27.25,26.20,26.60,-0.65,26.40,2,26.60,2,15.65,20191218,12,18
97,1473,台南,133200,111,3114739,23.50,23.55,23.25,23.45,0.25,23.40,2,23.50,6,18.61,20191218,12,18
98,1474,弘裕,168000,73,1638850,9.65,9.86,9.62,9.80,0.21,9.75,10,9.80,2,40.83,20191218,12,18
99,1475,本盟,0,0,0,--,--,--,--,0.0,4.40,1,4.74,1,0.00,20191218,12,18
100,1476,儒鴻,1137255,1094,466237305,404.50,412.00,402.00,412.00,9.5,411.50,2,412.00,69,25.65,20191218,12,18
101,1477,聚陽,2453874,1628,384592145,154.50,158.00,154.50,157.00,2.5,156.50,155,157.00,8,18.38,20191218,12,18
102,1503,士電,190280,160,8730693,45.85,46.00,45.80,45.95,0.2,45.85,9,46.00,41,15.32,20191218,12,18
103,1504,東元,6844103,2255,182274625,26.60,26.75,26.50,26.60,-0.2,26.60,185,26.65,30,15.83,20191218,12,18
104,1506,正道,74338,36,1121552,14.90,15.20,14.80,15.20,0.1,15.10,1,15.20,4,0.00,20191218,12,18
105,1507,永大,29403,34,1839645,62.40,62.90,62.40,62.70,0.4,62.50,2,62.80,3,31.35,20191218,12,18
106,1512,瑞利,70010,28,273090,4.00,4.00,3.85,3.99,-0.01,3.98,2,3.99,10,0.00,20191218,12,18
107,1513,中興電,2639258,783,57894340,21.80,22.10,21.75,22.00,0.2,22.00,40,22.05,58,14.86,20191218,12,18
108,1514,亞力,928803,304,15988345,17.20,17.30,17.10,17.25,0.15,17.20,31,17.25,126,11.98,20191218,12,18
109,1515,力山,514888,390,37588024,73.40,73.40,72.70,73.00,-0.1,73.00,1,73.10,28,9.92,20191218,12,18
110,1516,川飛,46643,32,753552,16.20,16.30,16.00,16.25,-0.05,16.05,8,16.30,4,77.38,20191218,12,18
111,1517,利奇,93284,44,846449,9.10,9.10,9.05,9.09,-0.01,9.06,4,9.09,13,454.50,20191218,12,18
112,1519,華城,3747450,1333,112545200,29.40,30.40,29.40,30.15,0.75,30.10,9,30.15,99,20.79,20191218,12,18
113,1521,大億,61006,45,3983696,65.00,65.60,65.00,65.50,0.6,65.40,5,65.50,1,13.07,20191218,12,18
114,1522,堤維西,414933,274,12042356,28.85,29.15,28.85,28.90,0.05,28.90,2,29.00,2,12.79,20191218,12,18
115,1524,耿鼎,66010,31,659758,10.00,10.00,9.98,10.00,0.01,9.99,7,10.00,25,10.64,20191218,12,18
116,1525,江申,28101,32,1549574,54.60,55.30,54.60,55.30,0.7,55.00,1,55.40,2,11.45,20191218,12,18
117,1526,日馳,420051,296,10134445,23.55,24.40,23.55,24.35,0.65,24.20,11,24.35,9,15.41,20191218,12,18
118,1527,鑽全,286500,245,14273622,49.85,50.00,49.65,49.85,0.0,49.85,2,49.90,13,7.46,20191218,12,18
119,1528,恩德,104771,70,922105,8.84,8.84,8.77,8.82,-0.03,8.81,1,8.82,1,0.00,20191218,12,18
120,1529,樂士,584609,313,11032945,18.60,19.30,18.45,18.60,0.25,18.60,2,18.75,5,71.54,20191218,12,18
121,1530,亞崴,22755,26,668921,29.30,29.50,29.30,29.50,0.2,29.35,1,29.50,1,12.09,20191218,12,18
122,1531,高林股,85143,69,1293208,15.15,15.30,15.10,15.20,0.05,15.15,3,15.20,7,33.04,20191218,12,18
123,1532,勤美,227244,185,7052988,31.00,31.10,30.90,30.95,0.0,30.90,16,31.05,1,13.40,20191218,12,18
124,1533,車王電,26199,32,960842,36.60,36.85,36.55,36.55,-0.1,36.50,8,36.65,6,14.50,20191218,12,18
125,1535,中宇,55200,45,1922857,34.70,35.00,34.50,35.00,0.1,34.90,3,35.00,3,34.31,20191218,12,18
126,1536,和大,1908401,1460,222120516,118.00,118.50,115.00,116.00,-1.0,116.00,55,116.50,123,35.91,20191218,12,18
127,1537,廣隆,182297,165,27033050,148.00,149.00,147.50,148.50,0.5,148.00,44,148.50,22,12.60,20191218,12,18
128,1538,正峰新,15688,14,72916,4.54,4.75,4.54,4.75,0.04,4.66,2,4.75,2,0.00,20191218,12,18
129,1539,巨庭,29010,29,581350,20.10,20.10,20.00,20.10,0.0,20.05,1,20.10,7,4.09,20191218,12,18
130,1540,喬福,126895,70,2460951,19.30,19.45,19.30,19.40,0.1,19.40,2,19.45,27,9.11,20191218,12,18
131,1541,錩泰,35489,36,1283200,36.10,36.30,36.05,36.20,-0.2,36.20,5,36.25,13,16.76,20191218,12,18
132,1558,伸興,43055,41,5740452,133.50,133.50,133.00,133.50,0.0,133.00,66,133.50,6,11.34,20191218,12,18
133,1560,中砂,804685,542,56726515,70.60,70.80,70.00,70.40,0.4,70.30,20,70.40,1,17.09,20191218,12,18
134,1568,倉佑,544050,370,10846860,19.10,20.25,19.10,20.20,1.2,20.15,2,20.20,8,84.17,20191218,12,18
135,1582,信錦,1193137,879,106972036,89.40,90.00,89.10,89.80,0.8,89.70,18,89.80,3,11.85,20191218,12,18
136,1583,程泰,9007,12,516401,57.00,58.40,57.00,57.50,0.6,57.00,3,57.50,1,14.86,20191218,12,18
137,1587,吉茂,44000,27,639550,14.45,14.70,14.40,14.60,0.1,14.50,4,14.65,3,21.79,20191218,12,18
138,1589,永冠-KY,429116,340,26824200,62.30,62.80,62.20,62.70,0.8,62.60,2,62.70,8,0.00,20191218,12,18
139,1590,亞德客-KY,989295,908,441118685,443.50,450.00,439.00,443.00,3.5,443.00,1,443.50,3,32.48,20191218,12,18
140,1592,英瑞-KY,193001,104,3237666,16.80,16.95,16.65,16.80,0.05,16.70,3,16.80,7,0.00,20191218,12,18
141,1598,岱宇,49034,37,1946310,39.45,40.00,39.45,40.00,0.35,40.00,1,40.10,1,17.32,20191218,12,18
142,1603,華電,54326,48,1545441,28.40,28.55,28.30,28.45,0.0,28.40,1,28.50,1,27.62,20191218,12,18
143,1604,聲寶,410077,167,8324603,20.30,20.35,20.25,20.35,0.05,20.30,7,20.35,47,10.18,20191218,12,18
144,1605,華新,7667177,2276,116138713,15.15,15.20,15.10,15.20,0.1,15.15,216,15.20,"1,773",14.62,20191218,12,18
145,1608,華榮,1453811,531,14500090,9.89,10.05,9.86,10.05,0.2,10.00,45,10.05,85,43.70,20191218,12,18
146,1609,大亞,3886342,966,41535889,10.60,10.75,10.60,10.75,0.15,10.70,118,10.75,136,16.29,20191218,12,18
147,1612,宏泰,298620,130,3304520,11.10,11.20,11.00,11.00,-0.1,11.00,19,11.10,21,22.92,20191218,12,18
148,1614,三洋電,100383,77,3073381,30.60,30.80,30.50,30.65,0.05,30.65,4,30.70,13,39.81,20191218,12,18
149,1615,大山,55001,38,961167,17.45,17.50,17.40,17.50,0.1,17.45,4,17.50,5,10.29,20191218,12,18
150,1616,億泰,62275,33,298010,4.78,4.80,4.77,4.77,-0.02,4.77,1,4.79,81,0.00,20191218,12,18
151,1617,榮星,30001,14,361712,12.15,12.15,12.05,12.10,0.0,12.05,2,12.10,5,14.40,20191218,12,18
152,1618,合機,350710,170,3276964,9.28,9.46,9.26,9.46,0.18,9.46,27,9.47,4,0.00,20191218,12,18
153,1626,艾美特-KY,908262,763,26895910,30.00,30.10,29.20,29.40,-0.6,29.35,5,29.45,6,8.83,20191218,12,18
154,1701,中化,251430,141,4803220,19.05,19.15,19.05,19.10,0.05,19.05,42,19.10,23,15.79,20191218,12,18
155,1702,南僑,560258,402,28233949,50.20,50.60,50.20,50.50,0.5,50.40,7,50.50,56,13.05,20191218,12,18
156,1707,葡萄王,234445,253,44948440,192.00,193.00,191.00,191.00,-1.0,191.00,10,191.50,1,20.17,20191218,12,18
157,1708,東鹼,200363,123,5012247,24.95,25.10,24.95,25.05,0.1,25.00,4,25.05,1,20.88,20191218,12,18
158,1709,和益,221355,109,2861382,12.95,13.00,12.90,13.00,0.05,12.95,1,13.00,155,50.00,20191218,12,18
159,1710,東聯,1404544,889,29444710,21.05,21.10,20.85,20.90,-0.15,20.90,35,20.95,2,95.00,20191218,12,18
160,1711,永光,355805,236,5607417,15.75,15.80,15.70,15.80,0.05,15.80,1,15.85,60,22.90,20191218,12,18
161,1712,興農,643527,264,12103026,18.80,18.85,18.75,18.85,0.05,18.80,34,18.85,97,12.24,20191218,12,18
162,1713,國化,45564,25,823902,18.05,18.15,18.05,18.15,0.1,18.00,1,18.15,59,34.25,20191218,12,18
163,1714,和桐,1712413,596,12266311,7.18,7.20,7.13,7.13,-0.03,7.13,24,7.15,13,31.00,20191218,12,18
164,1717,長興,1030446,569,27180520,26.25,26.50,26.20,26.45,0.25,26.40,6,26.45,5,15.47,20191218,12,18
165,1718,中纖,1676588,656,13295866,7.90,7.96,7.89,7.96,0.06,7.95,25,7.96,82,0.00,20191218,12,18
166,1720,生達,133583,116,4509578,33.60,33.85,33.60,33.75,0.15,33.75,2,33.80,13,16.15,20191218,12,18
167,1721,三晃,129210,63,1140185,8.80,8.85,8.79,8.84,0.04,8.79,4,8.85,11,176.80,20191218,12,18
168,1722,台肥,2508014,1509,122882774,48.75,49.15,48.75,48.95,0.25,48.95,53,49.00,20,21.95,20191218,12,18
169,1723,中碳,221723,205,27165785,122.50,123.00,122.00,123.00,1.0,122.50,7,123.00,11,19.04,20191218,12,18
170,1724,台硝,9493,12,123679,13.05,13.05,13.00,13.05,-0.05,13.00,26,13.05,6,16.11,20191218,12,18
171,1725,元禎,20135,16,297330,14.75,14.85,14.70,14.75,0.0,14.75,6,14.80,1,13.17,20191218,12,18
172,1726,永記,32001,30,2270172,70.70,71.50,70.50,71.50,0.8,70.70,5,71.00,1,19.22,20191218,12,18
173,1727,中華化,149380,88,1737596,11.70,11.75,11.55,11.70,-0.05,11.65,11,11.75,7,30.79,20191218,12,18
174,1730,花仙子,92189,89,6543271,70.90,71.30,70.70,71.30,0.4,71.20,2,71.30,2,11.44,20191218,12,18
175,1731,美吾華,196131,83,2583121,13.15,13.20,13.15,13.20,0.05,13.15,40,13.20,98,19.70,20191218,12,18
176,1732,毛寶,27011,21,284065,10.50,10.60,10.50,10.60,0.1,10.55,3,10.60,1,20.78,20191218,12,18
177,1733,五鼎,252159,188,7185130,28.45,28.60,28.30,28.50,0.15,28.50,15,28.55,7,0.00,20191218,12,18
178,1734,杏輝,135959,117,2601011,19.00,19.20,19.00,19.20,0.1,19.10,7,19.20,28,0.00,20191218,12,18
179,1735,日勝化,58501,36,1032241,17.75,17.75,17.55,17.70,-0.05,17.55,10,17.70,24,17.35,20191218,12,18
180,1736,喬山,2974062,2398,248658297,84.90,85.50,83.00,83.10,-1.9,83.10,39,83.20,1,22.28,20191218,12,18
181,1737,臺鹽,198432,156,6391960,32.10,32.35,32.10,32.30,0.2,32.30,2,32.35,8,19.23,20191218,12,18
182,1760,寶齡富錦,172164,137,15166412,88.70,88.70,87.50,87.90,-0.8,87.90,8,88.00,1,34.34,20191218,12,18
183,1762,中化生,337834,254,11871228,35.40,35.45,35.00,35.00,-0.25,35.00,52,35.05,4,35.71,20191218,12,18
184,1773,勝一,122536,112,11648405,94.70,95.50,94.50,95.20,0.5,94.70,3,95.20,1,16.59,20191218,12,18
185,1776,展宇,17000,12,258350,15.15,15.25,15.15,15.25,-0.05,15.25,1,15.30,2,32.45,20191218,12,18
186,1783,和康生,110001,83,2734476,25.00,25.05,24.70,24.80,-0.2,24.80,2,24.90,7,28.84,20191218,12,18
187,1786,科妍,225600,152,16161999,72.00,72.00,71.30,71.50,-0.4,71.50,10,71.60,2,37.05,20191218,12,18
188,1789,神隆,725698,396,19337786,26.70,26.80,26.50,26.70,0.0,26.60,8,26.70,4,80.91,20191218,12,18
189,1795,美時,792202,625,83746816,105.00,106.50,104.50,106.50,1.5,106.00,3,106.50,59,43.47,20191218,12,18
190,1802,台玻,2179734,1053,25553256,11.65,11.80,11.60,11.80,0.15,11.75,56,11.80,210,0.00,20191218,12,18
191,1805,寶徠,12320,12,110055,8.64,9.00,8.64,9.00,0.04,8.81,2,9.00,15,0.00,20191218,12,18
192,1806,冠軍,912338,241,6098901,6.66,6.77,6.64,6.75,0.1,6.74,3,6.75,6,0.00,20191218,12,18
193,1808,潤隆,164968,149,9628152,58.30,58.50,58.20,58.30,0.0,58.20,15,58.30,2,971.67,20191218,12,18
194,1809,中釉,541265,210,6444700,11.85,12.00,11.80,11.90,0.05,11.85,43,11.90,4,0.00,20191218,12,18
195,1810,和成,172164,95,1404077,8.14,8.17,8.14,8.16,0.01,8.15,1,8.16,8,0.00,20191218,12,18
196,1817,凱撒衛,142011,65,4963786,34.95,35.00,34.85,35.00,0.0,34.90,10,35.00,10,12.50,20191218,12,18
197,1902,台紙,239588,187,4721325,19.60,19.85,19.60,19.85,0.25,19.80,2,19.85,2,28.36,20191218,12,18
198,1903,士紙,198078,105,6516668,32.60,34.00,32.50,33.20,0.6,33.05,2,33.20,2,0.00,20191218,12,18
199,1904,正隆,978168,724,18550450,18.85,19.00,18.85,18.95,0.1,18.95,20,19.00,277,11.15,20191218,12,18
200,1905,華紙,1674238,656,15250703,9.05,9.16,9.05,9.16,0.11,9.14,13,9.16,43,152.67,20191218,12,18
201,1906,寶隆,259001,113,3565463,13.80,13.85,13.70,13.75,-0.05,13.70,33,13.75,6,10.11,20191218,12,18
202,1907,永豐餘,6134705,2406,84223211,13.65,13.85,13.55,13.85,0.25,13.80,64,13.85,85,11.84,20191218,12,18
203,1909,榮成,8955426,2397,130741149,14.60,14.70,14.45,14.70,0.15,14.65,55,14.70,520,0.00,20191218,12,18
204,2002,中鋼,16407687,5277,390617665,23.75,23.90,23.65,23.90,0.1,23.85,81,23.90,362,23.90,20191218,12,18
205,2002A,中鋼特,32640,38,1774752,54.60,54.60,54.00,54.30,-0.3,54.20,1,54.30,5,0.00,20191218,12,18
206,2006,東和鋼鐵,1615959,674,37154607,22.95,23.05,22.90,23.05,0.1,23.00,75,23.05,108,19.37,20191218,12,18
207,2007,燁興,56535,33,233308,4.14,4.16,4.10,4.16,0.01,4.12,7,4.16,4,0.00,20191218,12,18
208,2008,高興昌,49377,39,615518,12.35,12.55,12.35,12.55,0.2,12.55,7,12.60,2,0.00,20191218,12,18
209,2009,第一銅,579579,245,5508263,9.53,9.55,9.45,9.54,0.11,9.54,3,9.55,2,0.00,20191218,12,18
210,2010,春源,196140,167,2005318,10.25,10.25,10.20,10.25,0.05,10.20,2,10.25,53,39.42,20191218,12,18
211,2012,春雨,167742,111,3361140,19.90,20.15,19.80,20.15,0.25,20.10,1,20.15,10,10.95,20191218,12,18
212,2013,中鋼構,328935,225,8141476,24.60,24.85,24.55,24.85,0.3,24.80,2,24.85,19,45.18,20191218,12,18
213,2014,中鴻,3807429,1136,38454216,10.10,10.15,10.00,10.15,0.05,10.10,165,10.15,397,14.71,20191218,12,18
214,2015,豐興,457290,355,24726550,54.20,54.30,53.90,54.10,0.2,54.00,4,54.10,2,13.66,20191218,12,18
215,2017,官田鋼,147949,116,999401,6.74,6.79,6.73,6.77,0.02,6.77,1,6.78,1,0.00,20191218,12,18
216,2020,美亞,78521,58,1203620,15.20,15.40,15.20,15.35,0.0,15.35,2,15.40,24,9.65,20191218,12,18
217,2022,聚亨,832798,298,4555645,5.44,5.51,5.42,5.48,0.04,5.48,18,5.50,11,0.00,20191218,12,18
218,2023,燁輝,787429,457,7295585,9.26,9.29,9.24,9.26,0.0,9.25,4,9.26,3,0.00,20191218,12,18
219,2024,志聯,58957,42,720128,12.15,12.30,12.15,12.20,-0.15,12.15,4,12.20,2,46.92,20191218,12,18
220,2025,千興,192473,38,401953,2.02,2.10,2.02,2.10,0.0,2.10,44,2.14,3,0.00,20191218,12,18
221,2027,大成鋼,12968268,5625,406644106,30.80,31.65,30.80,31.40,0.7,31.35,113,31.40,13,11.42,20191218,12,18
222,2028,威致,162001,82,1487887,9.19,9.20,9.14,9.17,-0.02,9.19,2,9.20,37,10.19,20191218,12,18
223,2029,盛餘,82099,58,1630583,19.80,20.00,19.65,19.95,0.3,19.85,1,19.95,17,142.50,20191218,12,18
224,2030,彰源,204438,119,2496470,12.25,12.30,12.15,12.20,-0.05,12.15,82,12.20,94,12.08,20191218,12,18
225,2031,新光鋼,1342699,794,41658183,31.05,31.20,30.80,31.15,0.1,31.10,1,31.15,67,0.00,20191218,12,18
226,2032,新鋼,85169,49,779846,9.16,9.18,9.13,9.17,0.02,9.15,30,9.18,7,28.66,20191218,12,18
227,2033,佳大,29125,25,261673,8.92,9.01,8.92,9.00,0.03,8.97,1,9.01,2,0.00,20191218,12,18
228,2034,允強,524652,315,13618902,26.00,26.10,25.85,26.05,0.1,26.00,7,26.05,1,14.24,20191218,12,18
229,2038,海光,764300,185,5567458,7.21,7.37,7.21,7.33,0.11,7.26,26,7.33,2,0.00,20191218,12,18
230,2049,上銀,2779061,2281,778122519,277.00,281.50,275.50,280.00,3.0,279.50,40,280.50,32,32.15,20191218,12,18
231,2059,川湖,187184,183,66416636,356.00,356.50,353.50,354.00,-1.5,353.00,2,354.00,2,19.54,20191218,12,18
232,2062,橋椿,201075,119,5507687,27.25,27.50,27.20,27.45,0.2,27.35,2,27.50,10,61.00,20191218,12,18
233,2069,運錩,180358,97,3417952,18.90,19.10,18.70,19.00,0.1,19.00,2,19.05,10,0.00,20191218,12,18
234,2101,南港,794140,467,38583736,48.70,48.80,48.30,48.40,-0.3,48.35,2,48.40,3,38.41,20191218,12,18
235,2102,泰豐,1059710,380,14515900,13.70,13.80,13.60,13.65,-0.05,13.60,91,13.65,3,0.00,20191218,12,18
236,2103,台橡,1322499,762,32074639,24.20,24.35,24.15,24.30,0.15,24.25,80,24.30,101,20.08,20191218,12,18
237,2104,國際中橡,2443923,1270,75285246,30.95,30.95,30.70,30.90,-0.05,30.85,105,30.90,45,15.77,20191218,12,18
238,2105,正新,2916780,1385,123505014,42.35,42.45,42.25,42.25,-0.05,42.25,17,42.30,90,38.76,20191218,12,18
239,2106,建大,449343,398,14023899,31.25,31.25,31.10,31.25,-0.05,31.25,12,31.30,156,26.48,20191218,12,18
240,2107,厚生,274630,156,5157357,18.75,18.85,18.75,18.80,0.05,18.75,35,18.80,1,13.93,20191218,12,18
241,2108,南帝,609397,391,17958024,29.40,29.65,29.40,29.50,0.05,29.50,40,29.55,2,9.77,20191218,12,18
242,2109,華豐,54081,33,597341,11.05,11.10,11.00,11.05,0.0,11.05,3,11.10,31,0.00,20191218,12,18
243,2114,鑫永銓,34101,33,2829702,83.00,83.30,82.60,83.20,0.0,83.20,5,83.30,21,15.18,20191218,12,18
244,2115,六暉-KY,34310,33,1417307,41.10,41.60,41.05,41.50,0.45,41.40,1,41.60,2,14.41,20191218,12,18
245,2201,裕隆,3072963,1339,60568558,19.80,19.85,19.60,19.65,-0.1,19.65,57,19.70,31,0.00,20191218,12,18
246,2204,中華,1119663,626,43471447,38.85,39.10,38.70,39.10,0.3,39.00,9,39.10,18,21.25,20191218,12,18
247,2206,三陽工業,477397,315,10159682,21.30,21.35,21.20,21.25,0.0,21.25,40,21.30,14,10.57,20191218,12,18
248,2207,和泰車,450474,409,298188684,661.00,666.00,651.00,666.00,7.0,662.00,1,666.00,18,32.44,20191218,12,18
249,2208,台船,1049039,640,28174735,26.75,27.00,26.70,26.95,0.2,26.90,44,26.95,35,0.00,20191218,12,18
250,2227,裕日車,291612,271,84238868,288.00,290.00,287.00,289.00,2.5,288.50,7,289.00,5,13.14,20191218,12,18
251,2228,劍麟,493241,391,57700438,115.00,118.00,115.00,117.50,1.5,117.00,24,117.50,15,15.52,20191218,12,18
252,2231,為升,364726,318,88074918,243.00,243.00,240.00,241.50,-1.5,241.50,3,242.00,1,26.00,20191218,12,18
253,2233,宇隆,160166,131,11363746,71.10,71.20,70.80,70.80,-0.2,70.80,2,71.00,2,12.60,20191218,12,18
254,2236,百達-KY,33540,27,804660,24.25,24.25,23.60,23.60,-0.25,23.60,3,23.70,2,9.71,20191218,12,18
255,2239,英利-KY,95026,95,9088692,94.30,96.50,94.10,96.20,1.2,96.00,1,96.20,16,16.53,20191218,12,18
256,2243,宏旭-KY,28000,16,376900,13.30,13.60,13.25,13.60,0.3,13.55,8,13.65,2,0.00,20191218,12,18
257,2301,光寶科,6331116,3058,322032145,50.10,51.10,50.10,51.10,0.5,51.00,1,51.10,346,12.52,20191218,12,18
258,2302,麗正,91360,48,715844,7.81,7.88,7.80,7.85,0.05,7.84,1,7.87,1,65.42,20191218,12,18
259,2303,聯電,73543943,14959,1236158680,16.90,16.95,16.70,16.80,-0.2,16.75,"1,506",16.80,"4,639",46.67,20191218,12,18
260,2305,全友,314100,149,2106275,6.67,6.75,6.66,6.74,0.07,6.68,2,6.74,17,0.00,20191218,12,18
261,2308,台達電,9976892,5700,1492756587,149.50,151.00,147.50,150.00,0.5,149.50,214,150.50,495,16.18,20191218,12,18
262,2312,金寶,38728587,8002,531989306,13.65,13.95,13.50,13.60,0.05,13.60,121,13.65,160,24.73,20191218,12,18
263,2313,華通,31246571,14590,1448497181,47.60,47.65,45.90,46.00,-1.9,45.95,249,46.00,141,19.49,20191218,12,18
264,2314,台揚,4079198,1756,98834213,23.90,24.50,23.80,24.20,0.45,24.20,34,24.25,2,0.00,20191218,12,18
265,2316,楠梓電,2113422,1328,77935363,37.40,37.40,36.55,36.80,-0.65,36.80,5,36.85,9,12.07,20191218,12,18
266,2317,鴻海,58840462,24632,5427958104,91.60,92.80,91.10,92.40,0.8,92.30,241,92.40,811,9.84,20191218,12,18
267,2321,東訊,135189,38,167492,1.26,1.26,1.22,1.22,-0.06,1.22,18,1.24,5,0.00,20191218,12,18
268,2323,中環,7740737,2808,75541065,9.83,9.86,9.71,9.72,-0.09,9.72,128,9.73,19,8.84,20191218,12,18
269,2324,仁寶,24448498,5245,461817812,18.80,19.00,18.75,19.00,0.0,18.95,121,19.00,"1,353",12.50,20191218,12,18
270,2327,國巨,8642954,6227,3276786653,376.00,383.50,374.00,376.50,-0.5,376.00,167,376.50,1,15.53,20191218,12,18
271,2328,廣宇,1906999,887,45070617,23.75,23.75,23.45,23.65,0.05,23.60,43,23.65,22,10.06,20191218,12,18
272,2329,華泰,1437397,644,21499227,15.15,15.15,14.90,14.90,-0.2,14.90,2,14.95,17,13.67,20191218,12,18
273,2330,台積電,42486841,15836,14594689501,341.50,345.00,341.50,344.50,-0.5,344.00,435,344.50,414,27.13,20191218,12,18
274,2331,精英,790212,446,10726708,13.45,13.70,13.45,13.60,0.2,13.60,7,13.65,54,272.00,20191218,12,18
275,2332,友訊,2022971,676,26129820,12.95,13.00,12.85,12.90,0.0,12.85,173,12.90,6,0.00,20191218,12,18
276,2337,旺宏,37073530,13732,1367341321,37.20,37.45,36.55,36.75,-0.4,36.75,224,36.80,123,13.17,20191218,12,18
277,2338,光罩,36474238,18546,1361430431,37.00,38.40,36.05,36.50,-0.05,36.45,1,36.50,27,25.35,20191218,12,18
278,2340,光磊,5020349,2298,135672473,27.00,27.30,26.65,27.15,0.0,27.15,163,27.20,68,16.36,20191218,12,18
279,2342,茂矽,3047467,1422,63764928,20.90,21.20,20.70,20.80,0.0,20.75,20,20.80,17,0.00,20191218,12,18
280,2344,華邦電,24319630,6973,474193499,19.70,19.80,19.35,19.45,-0.25,19.40,532,19.45,3,32.97,20191218,12,18
281,2345,智邦,3263832,2210,540616112,166.00,167.00,164.00,165.50,-0.5,165.00,68,165.50,84,19.70,20191218,12,18
282,2347,聯強,4974248,2447,188382324,37.60,38.15,37.55,38.15,0.55,38.05,1,38.15,150,10.23,20191218,12,18
283,2348,海悅,138071,89,7555861,54.70,54.90,54.60,54.70,0.0,54.70,15,54.80,10,10.52,20191218,12,18
284,2349,錸德,6676467,1684,47938157,7.25,7.27,7.14,7.18,-0.07,7.18,69,7.19,71,0.00,20191218,12,18
285,2351,順德,1169683,774,77019178,65.20,66.50,64.80,66.00,1.1,65.90,3,66.00,6,18.75,20191218,12,18
286,2352,佳世達,7726983,2705,162468493,21.10,21.15,20.95,21.00,-0.1,21.00,247,21.05,3,10.40,20191218,12,18
287,2353,宏,20493916,6501,376778907,18.15,18.65,18.00,18.50,0.35,18.50,71,18.55,643,19.68,20191218,12,18
288,2354,鴻準,6730875,3008,464271498,68.80,69.30,68.20,69.10,0.3,69.10,45,69.20,65,10.78,20191218,12,18
289,2355,敬鵬,929679,586,28527611,30.70,30.85,30.50,30.80,0.15,30.75,14,30.80,11,19.13,20191218,12,18
290,2356,英業達,7629693,2915,176427770,22.95,23.25,22.90,23.25,0.35,23.20,22,23.25,353,15.00,20191218,12,18
291,2357,華碩,2503421,1805,595057698,235.00,239.50,234.50,239.00,4.0,238.50,16,239.00,113,26.59,20191218,12,18
292,2358,廷鑫,2651698,1068,43787698,15.35,16.70,15.25,16.70,1.5,16.70,317,--,0,53.87,20191218,12,18
293,2359,所羅門,622854,295,13248109,21.20,21.45,21.15,21.20,0.05,21.15,47,21.30,35,9.30,20191218,12,18
294,2360,致茂,1707826,1268,236255314,137.00,139.50,135.50,139.50,3.0,139.00,6,139.50,19,33.70,20191218,12,18
295,2362,藍天,1606890,979,61753992,38.45,38.80,38.15,38.25,0.1,38.20,12,38.25,11,18.39,20191218,12,18
296,2363,矽統,4929457,1495,42016179,8.52,8.70,8.44,8.44,-0.03,8.44,80,8.45,5,0.00,20191218,12,18
297,2364,倫飛,110115,47,244816,2.35,2.35,2.16,2.16,-0.16,2.16,5,2.26,1,0.00,20191218,12,18
298,2365,昆盈,469107,314,3755088,8.00,8.06,7.98,7.99,-0.02,7.99,26,8.01,5,99.88,20191218,12,18
299,2367,燿華,8475514,3706,269960702,31.85,32.20,31.65,31.75,-0.15,31.70,399,31.75,18,11.85,20191218,12,18
300,2368,金像電,11800073,3624,187736586,16.25,16.25,15.65,15.75,-0.5,15.70,490,15.75,445,0.00,20191218,12,18
301,2369,菱生,842500,402,7794846,9.25,9.32,9.21,9.21,-0.01,9.20,40,9.21,1,0.00,20191218,12,18
302,2371,大同,8574733,2642,179595331,21.10,21.10,20.80,21.05,0.05,21.00,28,21.05,304,0.00,20191218,12,18
303,2373,震旦行,66127,72,5982493,90.30,90.90,90.30,90.90,0.6,90.50,6,90.90,6,14.41,20191218,12,18
304,2374,佳能,754124,379,12694805,16.65,17.00,16.65,16.85,0.2,16.80,53,16.85,21,0.00,20191218,12,18
305,2375,凱美,866251,672,34982835,40.55,40.60,40.20,40.30,-0.15,40.30,24,40.35,4,34.15,20191218,12,18
306,2376,技嘉,16334647,8535,859140064,52.00,53.30,51.70,52.70,1.3,52.60,112,52.70,26,19.81,20191218,12,18
307,2377,微星,4910501,3136,428384632,86.80,87.80,86.50,87.50,1.0,87.50,42,87.60,246,14.93,20191218,12,18
308,2379,瑞昱,5458938,4012,1350440186,251.00,251.50,244.50,248.00,-2.0,247.50,9,248.00,416,20.18,20191218,12,18
309,2380,虹光,280237,74,1147959,4.13,4.13,4.07,4.08,-0.02,4.08,3,4.11,4,0.00,20191218,12,18
310,2382,廣達,9089449,4077,568468734,62.10,62.90,62.00,62.90,0.8,62.80,47,62.90,400,15.57,20191218,12,18
311,2383,台光電,4711729,3027,589850030,125.00,127.00,124.00,124.00,-0.5,124.00,41,124.50,25,15.66,20191218,12,18
312,2385,群光,2063431,1192,186288600,89.90,90.70,89.60,90.50,0.0,90.40,14,90.50,29,11.41,20191218,12,18
313,2387,精元,7930463,4025,343670374,43.45,43.80,42.65,43.35,0.25,43.30,74,43.35,24,55.58,20191218,12,18
314,2388,威盛,1253344,860,42126025,33.30,34.05,33.10,33.30,0.0,33.30,31,33.35,2,333.00,20191218,12,18
315,2390,云辰,385588,230,4247568,11.00,11.10,10.95,11.05,0.05,11.05,19,11.10,64,0.00,20191218,12,18
316,2392,正崴,3284144,2091,143550388,44.00,44.20,43.40,43.40,-0.5,43.40,2,43.45,1,9.33,20191218,12,18
317,2393,億光,3211103,2141,113267171,35.95,35.95,34.90,35.30,-0.3,35.30,36,35.35,3,21.14,20191218,12,18
318,2395,研華,789677,593,237511454,301.50,302.00,298.00,302.00,2.0,302.00,99,302.50,13,29.01,20191218,12,18
319,2397,友通,54299,46,4559525,83.60,84.80,83.40,84.10,0.5,84.00,2,84.10,4,14.99,20191218,12,18
320,2399,映泰,1286001,525,15108061,11.70,11.85,11.70,11.70,0.0,11.65,63,11.70,1,0.00,20191218,12,18
321,2401,凌陽,919999,455,12157483,13.20,13.30,13.15,13.20,0.0,13.20,8,13.25,31,0.00,20191218,12,18
322,2402,毅嘉,1710235,512,28837798,16.75,17.00,16.60,16.70,0.0,16.70,118,16.75,4,20.37,20191218,12,18
323,2404,漢唐,1304108,1003,238338600,182.50,184.00,182.00,182.50,-0.5,182.50,39,183.00,4,12.55,20191218,12,18
324,2405,浩鑫,686202,288,8390792,12.30,12.30,12.15,12.25,0.05,12.25,4,12.30,124,0.00,20191218,12,18
325,2406,國碩,868845,423,10440578,11.90,12.10,11.90,12.00,0.1,11.95,25,12.00,6,0.00,20191218,12,18
326,2408,南亞科,21639650,11047,1819145400,83.70,85.00,83.10,84.00,-1.3,84.00,413,84.10,47,15.56,20191218,12,18
327,2409,友達,136827447,16246,1401614885,10.05,10.40,10.00,10.30,0.1,10.30,"1,376",10.35,"1,866",0.00,20191218,12,18
328,2412,中華電,10571450,3667,1171032950,110.50,111.00,110.50,110.50,0.0,110.50,"4,711",111.00,404,25.64,20191218,12,18
329,2413,環科,134050,88,2147744,16.00,16.15,15.95,15.95,-0.1,15.90,9,16.10,4,0.00,20191218,12,18
330,2414,精技,286048,194,6583154,22.80,23.15,22.80,23.00,0.2,22.95,18,23.05,3,13.22,20191218,12,18
331,2415,錩新,58871,51,1119403,19.05,19.10,18.90,19.00,-0.05,19.00,2,19.05,3,31.67,20191218,12,18
332,2417,圓剛,213067,124,2201386,10.30,10.40,10.25,10.35,0.05,10.35,21,10.40,83,147.86,20191218,12,18
333,2419,仲琦,48288598,20026,1355110263,28.30,28.40,27.50,27.90,0.55,27.85,162,27.90,34,25.60,20191218,12,18
334,2420,新巨,179868,110,6525366,36.30,36.30,36.20,36.30,0.0,36.25,18,36.30,4,10.68,20191218,12,18
335,2421,建準,2546884,1504,113141539,44.80,44.85,44.15,44.35,-0.35,44.30,44,44.35,3,18.40,20191218,12,18
336,2423,固緯,158800,123,4320400,27.30,27.40,27.05,27.05,-0.35,27.05,11,27.25,1,11.92,20191218,12,18
337,2424,隴華,7078,8,200898,28.50,28.50,28.35,28.35,-0.45,28.30,2,28.40,1,0.00,20191218,12,18
338,2425,承啟,573913,316,17870203,31.10,31.50,30.85,31.20,0.1,31.15,4,31.20,15,23.28,20191218,12,18
339,2426,鼎元,1168425,557,17529843,15.15,15.15,14.90,15.00,-0.1,14.95,36,15.00,14,125.00,20191218,12,18
340,2427,三商電,109451,65,1164480,10.75,10.75,10.60,10.65,-0.05,10.60,33,10.65,11,14.20,20191218,12,18
341,2428,興勤,497404,440,45621106,92.40,92.40,91.40,91.50,-0.6,91.50,1,91.60,2,11.06,20191218,12,18
342,2429,銘旺科,70691,47,1887194,27.00,27.15,26.50,26.75,0.0,26.55,1,26.75,2,0.00,20191218,12,18
343,2430,燦坤,166522,103,2768712,16.65,16.70,16.55,16.60,-0.05,16.60,1,16.65,11,16.77,20191218,12,18
344,2431,聯昌,343649,157,3913982,11.50,11.50,11.30,11.35,-0.1,11.35,12,11.40,12,0.00,20191218,12,18
345,2433,互盛電,88100,65,4824790,54.60,55.20,54.40,55.10,0.5,54.80,4,55.10,5,13.06,20191218,12,18
346,2434,統懋,113231,29,751043,6.60,6.68,6.60,6.68,-0.12,6.67,5,6.82,1,0.00,20191218,12,18
347,2436,偉詮電,630987,304,17051492,27.10,27.15,26.90,27.00,-0.05,27.00,32,27.05,2,26.73,20191218,12,18
348,2438,翔耀,175615,111,1636075,9.65,9.65,9.07,9.18,0.18,9.18,7,9.20,4,0.00,20191218,12,18
349,2439,美律,5524443,3854,922132248,167.50,168.00,166.00,166.50,-1.0,166.50,66,167.00,117,10.41,20191218,12,18
350,2440,太空梭,13000,12,125010,9.85,9.85,9.50,9.56,0.06,9.40,4,9.57,3,0.00,20191218,12,18
351,2441,超豐,943531,685,45119702,48.00,48.00,47.40,48.00,0.05,47.95,17,48.00,122,14.77,20191218,12,18
352,2442,新美齊,603549,266,6683640,11.10,11.15,11.00,11.15,0.15,11.10,44,11.15,50,3.46,20191218,12,18
353,2443,新利虹,428014,120,1420561,3.44,3.44,3.23,3.39,-0.01,3.27,22,3.39,1,0.00,20191218,12,18
354,2444,兆勁,3016413,382,64355583,21.15,21.45,21.05,21.25,-0.1,21.20,126,21.25,12,0.00,20191218,12,18
355,2448,晶電,36102651,17044,1152694981,32.80,32.85,31.50,31.90,-0.9,31.90,1,31.95,155,0.00,20191218,12,18
356,2449,京元電子,8536402,4045,330748649,38.90,39.15,38.40,38.85,-0.15,38.85,180,38.90,50,19.33,20191218,12,18
357,2450,神腦,242150,182,7550650,30.90,31.45,30.85,31.45,0.45,31.45,3,31.50,7,18.72,20191218,12,18
358,2451,創見,1209277,811,94063263,78.00,78.20,77.30,77.70,0.0,77.70,1,77.80,1,19.42,20191218,12,18
359,2453,凌群,377527,193,6438156,16.95,17.20,16.95,17.00,0.05,17.00,56,17.10,15,15.45,20191218,12,18
360,2454,聯發科,11852129,6741,5398380824,460.00,460.00,453.00,456.50,-4.0,456.00,28,456.50,75,35.22,20191218,12,18
361,2455,全新,1511275,1192,171300300,114.50,114.50,112.50,112.50,-1.5,112.50,22,113.00,26,44.64,20191218,12,18
362,2456,奇力新,6042391,3698,641804446,106.50,107.50,105.00,106.00,-1.0,106.00,94,106.50,79,18.69,20191218,12,18
363,2457,飛宏,576944,275,5730471,9.95,9.99,9.87,9.92,0.0,9.92,39,9.97,2,0.00,20191218,12,18
364,2458,義隆,2612873,1626,238772172,91.10,91.90,90.80,91.90,1.1,91.80,3,91.90,23,13.70,20191218,12,18
365,2459,敦吉,88451,64,3732484,42.10,42.30,42.10,42.20,0.0,42.20,11,42.25,2,10.71,20191218,12,18
366,2460,建通,98002,57,964138,9.83,9.90,9.81,9.85,0.02,9.81,5,9.85,7,0.00,20191218,12,18
367,2461,光群雷,586411,267,11262599,19.00,19.35,19.00,19.25,0.2,19.25,11,19.30,31,50.66,20191218,12,18
368,2462,良得電,69866,54,2014967,28.85,29.10,28.70,29.10,0.3,29.10,1,29.15,7,20.94,20191218,12,18
369,2464,盟立,987899,610,39366955,39.60,40.00,39.55,39.95,0.45,39.90,6,39.95,79,9.14,20191218,12,18
370,2465,麗臺,98360,62,1083060,10.95,11.10,10.95,11.10,0.1,11.00,6,11.10,21,0.00,20191218,12,18
371,2466,冠西電,98006,84,3364206,33.90,34.85,33.90,34.75,0.65,34.75,1,34.85,7,193.06,20191218,12,18
372,2467,志聖,452258,316,12121240,26.20,27.10,26.20,27.00,0.6,26.85,9,27.00,62,9.47,20191218,12,18
373,2468,華經,85000,31,1079700,12.60,12.75,12.60,12.75,0.15,12.70,29,12.75,3,20.24,20191218,12,18
374,2471,資通,88002,53,1640440,18.70,18.70,18.60,18.65,-0.05,18.65,6,18.70,5,12.69,20191218,12,18
375,2472,立隆電,327150,217,14102800,43.10,43.35,42.60,43.05,0.15,43.05,5,43.10,2,12.74,20191218,12,18
376,2474,可成,4215096,2880,1045754808,248.00,250.00,246.00,247.50,1.5,247.00,57,247.50,37,12.93,20191218,12,18
377,2476,鉅祥,105854,81,2528329,23.90,23.95,23.75,23.90,-0.05,23.90,11,23.95,17,12.32,20191218,12,18
378,2477,美隆電,137501,98,3793802,27.55,27.75,27.40,27.60,0.05,27.55,1,27.65,9,17.14,20191218,12,18
379,2478,大毅,2344324,1481,108854482,46.40,47.10,45.75,45.85,-0.3,45.85,3,45.90,2,10.89,20191218,12,18
380,2480,敦陽科,134722,126,7220982,53.80,53.80,53.40,53.50,-0.1,53.50,9,53.70,13,12.80,20191218,12,18
381,2481,強茂,1073252,737,28479166,26.65,26.70,26.35,26.65,0.0,26.55,4,26.65,9,16.35,20191218,12,18
382,2482,連宇,44250,37,528725,11.95,12.00,11.85,12.00,0.1,11.95,3,12.00,6,21.05,20191218,12,18
383,2483,百容,174000,81,3584250,20.45,20.70,20.45,20.70,0.2,20.65,4,20.70,13,12.25,20191218,12,18
384,2484,希華,671707,323,14211681,21.25,21.25,21.05,21.20,0.05,21.15,30,21.20,17,17.38,20191218,12,18
385,2485,兆赫,1352431,835,28677684,20.95,21.40,20.95,21.15,0.25,21.10,56,21.20,26,47.00,20191218,12,18
386,2486,一詮,733544,250,6158638,8.44,8.46,8.35,8.44,0.0,8.43,2,8.44,1,0.00,20191218,12,18
387,2488,漢平,179419,127,6040596,33.60,33.80,33.55,33.70,0.2,33.65,6,33.70,1,9.16,20191218,12,18
388,2489,瑞軒,1694098,636,18218438,10.70,10.90,10.60,10.85,0.15,10.80,51,10.85,66,32.88,20191218,12,18
389,2491,吉祥全,37935,17,351489,9.25,9.35,9.20,9.35,0.09,9.32,1,9.35,1,0.00,20191218,12,18
390,2492,華新科,6739938,4576,1244794551,184.00,186.50,183.00,183.50,-1.0,183.50,171,184.00,14,8.58,20191218,12,18
391,2493,揚博,122202,83,3387313,27.65,27.80,27.65,27.75,0.1,27.75,5,27.80,15,10.88,20191218,12,18
392,2495,普安,247506,143,3412180,13.65,13.85,13.65,13.85,0.25,13.80,9,13.85,7,12.71,20191218,12,18
393,2496,卓越,45305,41,2923720,63.80,65.00,63.80,64.50,0.0,64.10,1,64.50,1,11.24,20191218,12,18
394,2497,怡利電,60120,53,1391896,23.05,23.25,23.05,23.10,0.1,23.05,16,23.10,2,0.00,20191218,12,18
395,2498,宏達電,27910334,13707,1080193967,37.75,39.55,37.60,38.10,0.1,38.10,171,38.15,5,0.00,20191218,12,18
396,2499,東貝,2668146,785,18746412,6.90,7.08,6.90,7.05,0.1,7.03,7,7.05,10,0.00,20191218,12,18
397,2501,國建,382624,287,8037717,21.05,21.10,20.95,21.05,0.05,21.00,39,21.05,3,17.69,20191218,12,18
398,2504,國產,5318979,1431,74501847,14.10,14.15,13.90,13.90,-0.2,13.90,161,13.95,36,28.37,20191218,12,18
399,2505,國揚,764819,375,13365645,17.35,17.55,17.25,17.55,0.3,17.50,29,17.55,63,117.00,20191218,12,18
400,2506,太設,127545,76,1446721,11.25,11.45,11.25,11.35,0.05,11.30,2,11.35,19,18.92,20191218,12,18
401,2509,全坤建,62135,61,1441372,23.10,23.25,23.10,23.25,0.15,23.15,10,23.25,4,3.37,20191218,12,18
402,2511,太子,1042103,531,11787004,11.30,11.35,11.25,11.35,0.05,11.30,60,11.35,328,13.84,20191218,12,18
403,2514,龍邦,609809,346,9925190,16.55,16.55,16.00,16.20,-0.35,16.20,21,16.25,3,26.13,20191218,12,18
404,2515,中工,4246059,812,33652084,7.95,7.96,7.89,7.93,0.0,7.92,147,7.93,48,61.00,20191218,12,18
405,2516,新建,106748,38,640538,6.00,6.02,5.98,6.02,0.0,6.00,4,6.02,26,30.10,20191218,12,18
406,2520,冠德,2550051,1565,81269885,31.95,32.15,31.55,32.00,-0.4,31.95,1,32.00,10,10.36,20191218,12,18
407,2524,京城,163743,128,5108933,31.20,31.30,31.05,31.20,0.1,31.10,1,31.20,2,9.81,20191218,12,18
408,2527,宏璟,364062,123,8382969,22.95,23.05,22.95,23.05,0.15,22.95,11,23.05,17,6.30,20191218,12,18
409,2528,皇普,78000,55,1592800,20.35,20.60,20.30,20.40,0.05,20.40,7,20.55,6,0.00,20191218,12,18
410,2530,華建,197246,81,3182207,16.05,16.20,15.95,16.20,0.05,16.15,3,16.20,7,0.00,20191218,12,18
411,2534,宏盛,2640242,1067,66604597,25.70,25.70,25.05,25.45,-0.15,25.40,13,25.45,25,14.06,20191218,12,18
412,2535,達欣工,480713,209,10082882,20.95,21.00,20.95,20.95,-0.05,20.95,149,21.00,219,10.58,20191218,12,18
413,2536,宏普,603912,364,14532651,23.70,24.25,23.70,24.00,0.25,23.95,5,24.00,10,14.04,20191218,12,18
414,2537,聯上發,3375897,1212,31066727,8.99,9.38,8.97,9.35,0.39,9.34,11,9.35,61,0.00,20191218,12,18
415,2538,基泰,3158021,1009,41116422,12.80,13.15,12.80,13.05,0.2,13.05,3,13.10,79,118.64,20191218,12,18
416,2539,櫻花建,145421,116,4306960,29.50,29.75,29.50,29.75,0.25,29.65,5,29.75,12,16.81,20191218,12,18
417,2540,愛山林,1047,2,24169,23.10,23.10,23.10,23.10,-0.1,23.00,1,23.30,3,47.14,20191218,12,18
418,2542,興富發,3255069,2169,149885334,46.20,46.25,46.00,46.00,-0.25,46.00,746,46.05,2,12.43,20191218,12,18
419,2543,皇昌,20575,14,152734,7.48,7.48,7.31,7.47,0.01,7.35,2,7.47,1,0.00,20191218,12,18
420,2545,皇翔,178000,146,6732200,37.90,38.00,37.45,38.00,0.5,37.95,5,38.00,15,30.16,20191218,12,18
421,2546,根基,153011,107,5653068,37.20,37.25,36.80,37.20,0.0,37.15,4,37.20,11,8.71,20191218,12,18
422,2547,日勝生,1078347,621,12447890,11.50,11.60,11.50,11.55,0.05,11.55,5,11.60,195,165.00,20191218,12,18
423,2548,華固,971536,765,92018859,95.00,95.00,94.10,94.90,-0.1,94.80,7,94.90,44,7.84,20191218,12,18
424,2597,潤弘,56016,49,3394372,60.40,61.00,60.10,60.80,0.4,60.80,1,60.90,5,13.98,20191218,12,18
425,2601,益航,2057626,551,23056674,11.20,11.30,11.10,11.20,0.05,11.20,19,11.25,131,5.80,20191218,12,18
426,2603,長榮,23617026,10526,297563863,12.50,12.70,12.35,12.65,0.15,12.65,91,12.70,"1,167",55.00,20191218,12,18
427,2605,新興,1432484,624,23923771,16.65,16.80,16.60,16.70,0.05,16.70,8,16.75,96,0.00,20191218,12,18
428,2606,裕民,1074245,826,36133177,33.50,33.80,33.40,33.80,0.3,33.75,7,33.80,18,23.97,20191218,12,18
429,2607,榮運,1304820,448,18835616,14.40,14.50,14.35,14.40,0.0,14.40,75,14.45,5,18.70,20191218,12,18
430,2608,嘉里大榮,221801,195,8677078,39.00,39.20,39.00,39.20,0.35,39.10,5,39.20,28,13.47,20191218,12,18
431,2609,陽明,1234237,563,9058863,7.31,7.38,7.30,7.37,0.06,7.36,36,7.37,13,0.00,20191218,12,18
432,2610,華航,7111125,1861,64629786,9.09,9.10,9.06,9.08,-0.01,9.08,7,9.09,141,302.67,20191218,12,18
433,2611,志信,161150,77,1131807,7.02,7.05,7.00,7.03,0.03,7.01,4,7.03,8,14.35,20191218,12,18
434,2612,中航,385153,242,11650167,29.80,30.45,29.80,30.40,0.5,30.35,43,30.40,4,13.88,20191218,12,18
435,2613,中櫃,84050,53,1189704,14.30,14.30,14.10,14.20,-0.1,14.15,10,14.20,18,109.23,20191218,12,18
436,2614,東森,736858,366,7756505,10.50,10.55,10.50,10.55,0.05,10.55,7,10.60,202,0.00,20191218,12,18
437,2615,萬海,3238693,1324,59420547,18.10,18.60,18.10,18.50,0.4,18.50,63,18.55,42,15.42,20191218,12,18
438,2616,山隆,53190,68,1584355,29.75,29.85,29.75,29.85,0.1,29.80,5,29.85,16,14.70,20191218,12,18
439,2617,台航,395230,240,7125321,17.85,18.10,17.85,18.05,0.2,18.00,20,18.05,5,12.28,20191218,12,18
440,2618,長榮航,8021070,3621,110868284,13.85,13.90,13.80,13.85,0.0,13.80,"1,267",13.85,18,17.76,20191218,12,18
441,2630,亞航,104055,65,1992895,19.25,19.25,19.00,19.15,0.2,19.10,4,19.20,32,27.75,20191218,12,18
442,2633,台灣高鐵,4254664,1941,154538195,36.30,36.40,36.20,36.30,-0.05,36.25,81,36.30,4,25.03,20191218,12,18
443,2634,漢翔,9323364,5102,300860861,32.00,32.80,32.00,32.10,0.5,32.05,121,32.10,3,15.58,20191218,12,18
444,2636,台驊投控,475079,90,11397384,23.85,24.05,23.85,23.95,0.05,23.90,18,24.00,3,9.82,20191218,12,18
445,2637,慧洋-KY,2001695,968,58647029,29.30,29.40,29.20,29.35,0.0,29.30,44,29.35,7,7.81,20191218,12,18
446,2642,宅配通,136000,97,4094650,30.25,30.25,30.05,30.10,-0.15,30.05,1,30.15,6,19.55,20191218,12,18
447,2701,萬企,190831,118,2562137,13.40,13.50,13.35,13.45,0.05,13.45,1,13.50,68,14.46,20191218,12,18
448,2702,華園,1425857,846,29724699,19.60,21.45,19.60,21.30,1.8,21.25,3,21.30,22,31.32,20191218,12,18
449,2704,國賓,862351,613,26624580,32.15,32.15,30.10,30.25,-1.9,30.25,15,30.30,7,30.87,20191218,12,18
450,2705,六福,226863,170,3514158,15.55,15.55,15.45,15.55,0.0,15.45,3,15.55,25,0.00,20191218,12,18
451,2706,第一店,174229,110,2750342,15.75,15.85,15.70,15.85,0.05,15.80,1,15.85,69,13.90,20191218,12,18
452,2707,晶華,105650,108,18041800,171.00,171.00,170.00,170.50,0.0,170.00,21,171.00,11,15.82,20191218,12,18
453,2712,遠雄來,18000,16,908000,50.40,50.80,50.30,50.50,-0.2,50.30,1,50.50,2,0.00,20191218,12,18
454,2722,夏都,4203,5,103053,24.60,24.65,24.40,24.65,0.0,24.20,1,24.65,1,46.51,20191218,12,18
455,2723,美食-KY,360033,301,43753026,122.00,122.00,121.00,121.50,-1.0,121.00,75,121.50,33,20.59,20191218,12,18
456,2727,王品,98725,102,7887800,79.90,80.20,79.50,80.00,0.1,79.90,13,80.00,1,17.54,20191218,12,18
457,2731,雄獅,110100,80,8540050,77.10,78.00,77.10,77.80,0.7,77.80,1,77.90,7,35.69,20191218,12,18
458,2739,寒舍,80039,61,1998576,24.65,25.10,24.65,25.05,0.35,25.00,4,25.10,14,25.56,20191218,12,18
459,2748,雲品,55004,50,2760921,50.30,50.60,50.10,50.50,-0.2,50.50,1,50.70,1,15.44,20191218,12,18
460,2801,彰銀,8546242,2043,194813972,22.65,22.90,22.60,22.90,0.2,22.85,2,22.90,966,19.57,20191218,12,18
461,2809,京城銀,2090265,1061,69223555,33.00,33.20,32.95,33.15,0.1,33.15,14,33.20,47,30.14,20191218,12,18
462,2812,台中銀,4389669,1228,52484782,11.95,12.00,11.90,11.95,0.0,11.95,"1,731",12.00,"4,733",10.67,20191218,12,18
463,2816,旺旺保,135960,92,2961180,21.85,21.85,21.70,21.80,-0.05,21.75,8,21.80,1,6.47,20191218,12,18
464,2820,華票,2660985,433,39732865,15.00,15.05,14.85,14.95,-0.05,14.95,50,15.00,119,16.25,20191218,12,18
465,2823,中壽,7401381,2405,191707172,25.85,26.00,25.80,26.00,0.15,25.95,23,26.00,953,9.19,20191218,12,18
466,2832,台產,190086,123,3989295,21.00,21.05,20.95,21.05,0.05,21.00,12,21.05,12,12.60,20191218,12,18
467,2834,臺企銀,19063436,5535,239402682,12.55,12.60,12.50,12.60,0.05,12.55,"2,275",12.60,"4,803",12.73,20191218,12,18
468,2836,高雄銀,685785,298,6722402,9.79,9.83,9.79,9.79,-0.02,9.79,45,9.82,13,15.54,20191218,12,18
469,2838,聯邦銀,983970,465,10963452,11.15,11.20,11.10,11.15,0.05,11.15,17,11.20,404,11.38,20191218,12,18
470,2838A,聯邦銀甲特,96000,26,5255200,54.70,54.80,54.70,54.70,0.0,54.70,115,54.80,48,0.00,20191218,12,18
471,2841,台開,2922675,914,25773319,8.71,8.89,8.71,8.89,0.18,8.88,85,8.89,75,14.82,20191218,12,18
472,2845,遠東銀,3589111,1295,42989482,12.00,12.00,11.95,12.00,0.0,11.95,987,12.00,41,10.53,20191218,12,18
473,2849,安泰銀,189574,84,2968231,15.60,15.75,15.50,15.60,0.0,15.60,17,15.70,35,11.91,20191218,12,18
474,2850,新產,195627,144,7572651,38.60,38.90,38.50,38.85,0.25,38.85,12,38.90,18,8.35,20191218,12,18
475,2851,中再保,405357,197,8011177,19.70,19.80,19.70,19.80,0.1,19.75,71,19.80,84,9.57,20191218,12,18
476,2852,第一保,99858,56,1427925,14.25,14.35,14.25,14.35,0.1,14.25,16,14.35,43,11.67,20191218,12,18
477,2855,統一證,2480242,985,36055540,14.50,14.60,14.50,14.50,0.0,14.50,73,14.55,6,11.98,20191218,12,18
478,2867,三商壽,2695278,693,31893909,11.80,11.90,11.75,11.85,0.05,11.85,134,11.90,987,10.04,20191218,12,18
479,2880,華南金,14199060,3687,313468651,21.95,22.20,21.85,22.20,0.25,22.15,8,22.20,244,17.08,20191218,12,18
480,2881,富邦金,18088573,5266,844195676,46.55,46.85,46.45,46.75,0.25,46.75,163,46.80,205,10.53,20191218,12,18
481,2881A,富邦特,12793,16,829284,64.80,64.90,64.80,64.90,0.0,64.80,38,64.90,66,0.00,20191218,12,18
482,2881B,富邦金乙特,47080,31,3008007,63.80,63.90,63.80,63.90,0.0,63.90,58,64.00,21,0.00,20191218,12,18
483,2882,國泰金,19178746,6604,822713039,42.95,43.00,42.75,43.00,0.05,42.95,246,43.00,"1,562",12.57,20191218,12,18
484,2882A,國泰特,606302,42,38753935,64.00,64.00,63.80,64.00,0.2,63.80,115,64.00,188,0.00,20191218,12,18
485,2882B,國泰金乙特,46490,24,2970260,63.90,63.90,63.90,63.90,0.0,63.80,153,63.90,4,0.00,20191218,12,18
486,2883,開發金,24351678,5081,241170186,9.88,9.94,9.85,9.90,-0.03,9.90,"27,423",9.91,102,14.35,20191218,12,18
487,2884,玉山金,17795771,5205,494152199,27.75,27.85,27.65,27.85,0.1,27.80,65,27.85,"1,062",16.58,20191218,12,18
488,2885,元大金,14530312,3954,291883802,20.10,20.15,20.00,20.15,0.0,20.10,79,20.15,520,12.29,20191218,12,18
489,2886,兆豐金,22210072,6661,679785291,30.55,30.65,30.50,30.65,0.0,30.60,747,30.65,390,14.95,20191218,12,18
490,2887,台新金,23167298,5900,336265724,14.45,14.60,14.40,14.55,0.05,14.50,504,14.55,"1,741",12.23,20191218,12,18
491,2887E,台新戊特,21971,24,1221785,55.60,55.70,55.60,55.60,-0.1,55.60,9,55.70,30,0.00,20191218,12,18
492,2887F,台新戊特二,91383,29,4971119,54.40,54.40,54.40,54.40,0.1,54.40,9,54.50,49,0.00,20191218,12,18
493,2888,新光金,82594894,10173,877434131,10.55,10.70,10.50,10.60,0.05,10.60,"4,723",10.65,942,13.42,20191218,12,18
494,2888A,新光金甲特,101330,76,4633087,45.70,45.75,45.70,45.75,0.05,45.70,354,45.75,74,0.00,20191218,12,18
495,2889,國票金,3141620,1029,34512920,11.00,11.00,10.95,11.00,0.0,10.95,"1,312",11.00,528,12.09,20191218,12,18
496,2890,永豐金,20146387,4999,263773576,13.00,13.15,12.95,13.15,0.05,13.10,"1,636",13.15,"2,913",13.42,20191218,12,18
497,2891,中信金,37058350,7399,829455699,22.40,22.50,22.20,22.50,0.1,22.45,355,22.50,"1,849",10.47,20191218,12,18
498,2891B,中信金乙特,51442,20,3384894,65.80,65.90,65.80,65.90,0.2,65.80,50,65.90,36,0.00,20191218,12,18
499,2891C,中信金丙特,19285,23,1214997,63.00,63.10,63.00,63.10,0.0,63.00,9,63.10,9,0.00,20191218,12,18
500,2892,第一金,22737608,8420,541597341,23.60,24.00,23.50,23.90,0.3,23.85,367,23.90,133,16.15,20191218,12,18
501,2897,王道銀行,1217810,556,9533869,7.83,7.85,7.80,7.80,0.01,7.80,40,7.81,3,16.60,20191218,12,18
502,2897A,王道銀甲特,160292,20,1690329,10.55,10.55,10.50,10.55,0.0,10.55,4,10.60,105,0.00,20191218,12,18
503,2901,欣欣,30005,23,707766,23.70,23.70,23.50,23.65,0.15,23.50,3,23.65,4,59.12,20191218,12,18
504,2903,遠百,1518796,755,38300487,25.40,25.45,24.80,25.40,0.0,25.40,16,25.45,31,21.34,20191218,12,18
505,2904,匯僑,42127,40,997357,23.70,23.75,23.65,23.75,0.0,23.70,3,23.75,16,12.50,20191218,12,18
506,2905,三商,392408,314,8556034,21.80,21.85,21.70,21.80,-0.05,21.80,8,21.85,69,6.99,20191218,12,18
507,2906,高林,120865,60,1389209,11.45,11.55,11.45,11.45,-0.05,11.45,15,11.50,42,39.48,20191218,12,18
508,2908,特力,319153,277,6617451,20.75,20.75,20.65,20.75,0.1,20.70,1,20.75,37,0.00,20191218,12,18
509,2910,統領,244150,152,8825087,33.80,37.10,33.45,34.85,1.1,34.85,2,35.50,1,67.02,20191218,12,18
510,2911,麗嬰房,192100,107,1442964,7.50,7.53,7.49,7.53,-0.01,7.50,5,7.53,25,0.00,20191218,12,18
511,2912,統一超,886303,688,270866051,304.50,307.00,304.00,305.50,2.0,305.50,30,306.50,5,30.16,20191218,12,18
512,2913,農林,696711,383,11428544,16.35,16.45,16.30,16.45,0.1,16.40,18,16.45,379,0.00,20191218,12,18
513,2915,潤泰全,1168607,904,86272563,74.20,74.40,73.60,73.60,-0.6,73.60,20,73.70,1,3.82,20191218,12,18
514,2923,鼎固-KY,114000,85,2969800,25.70,26.70,25.70,26.55,0.75,26.45,2,26.55,12,4.58,20191218,12,18
515,2929,淘帝-KY,952974,801,85356860,89.10,90.00,88.70,90.00,1.3,89.90,1,90.00,41,6.56,20191218,12,18
516,2936,客思達-KY,1000,1,20250,20.25,20.25,20.25,20.25,0.0,19.90,1,20.25,9,"2,025.00",20191218,12,18
517,2939,凱羿-KY,18000,17,1772900,99.00,99.00,98.10,99.00,0.1,98.80,1,99.00,2,16.10,20191218,12,18
518,3002,歐格,244100,108,2788700,11.50,11.60,11.35,11.40,-0.1,11.40,1,11.45,20,24.26,20191218,12,18
519,3003,健和興,1168320,677,58041851,50.00,50.10,49.45,49.65,0.0,49.65,8,49.70,37,16.28,20191218,12,18
520,3004,豐達科,278736,213,24784875,88.50,89.50,88.00,89.10,0.2,89.00,10,89.10,2,12.95,20191218,12,18
521,3005,神基,637301,559,29994000,47.30,47.40,46.75,47.05,-0.15,47.05,14,47.20,2,13.48,20191218,12,18
522,3006,晶豪科,21227159,9825,768567289,34.40,37.65,34.10,36.95,2.7,36.95,5,37.00,81,31.85,20191218,12,18
523,3008,大立光,773252,970,3874072520,"5,000.00","5,040.00","4,980.00","5,040.00",0.0,"5,030.00",18,"5,040.00",28,25.37,20191218,12,18
524,3010,華立,171142,132,9883034,58.00,58.00,57.60,57.60,-0.4,57.50,7,57.90,4,9.10,20191218,12,18
525,3011,今皓,100643,63,643374,6.39,6.42,6.33,6.41,0.02,6.36,3,6.41,10,0.00,20191218,12,18
526,3013,晟銘電,424221,243,6143586,14.40,14.55,14.35,14.55,0.2,14.50,44,14.55,43,22.05,20191218,12,18
527,3014,聯陽,2129153,1291,97451460,45.30,46.45,45.25,45.45,-0.05,45.45,15,45.50,9,15.15,20191218,12,18
528,3015,全漢,130842,91,2786992,21.20,21.40,21.10,21.30,0.1,21.30,2,21.35,12,76.07,20191218,12,18
529,3016,嘉晶,13950090,8366,761149677,54.90,55.90,53.10,54.50,1.1,54.20,1,54.50,119,123.86,20191218,12,18
530,3017,奇鋐,3327934,1970,134371540,40.50,40.80,40.20,40.20,-0.3,40.20,147,40.25,15,16.34,20191218,12,18
531,3018,同開,190370,116,4352660,22.75,23.05,22.75,22.90,0.25,22.85,4,22.90,4,0.00,20191218,12,18
532,3019,亞光,10484885,6499,905799430,85.00,87.30,85.00,86.50,0.5,86.50,20,86.60,42,20.50,20191218,12,18
533,3021,鴻名,82000,61,1288600,15.65,15.80,15.60,15.65,0.05,15.65,20,15.70,4,11.18,20191218,12,18
534,3022,威強電,144284,136,7758544,53.00,54.40,53.00,54.00,0.7,53.80,3,54.10,7,10.36,20191218,12,18
535,3023,信邦,976497,813,122279870,126.00,127.00,124.00,125.00,0.5,125.00,89,125.50,108,17.34,20191218,12,18
536,3024,憶聲,3833416,990,34238786,8.77,9.15,8.65,8.98,0.33,8.97,60,8.98,8,13.82,20191218,12,18
537,3025,星通,170002,101,3694842,21.75,21.90,21.55,21.75,0.1,21.75,5,21.80,2,34.52,20191218,12,18
538,3026,禾伸堂,805485,664,79827915,99.30,99.80,98.60,98.60,-0.8,98.60,16,98.70,11,15.05,20191218,12,18
539,3027,盛達,138252,50,1074743,7.87,7.87,7.75,7.80,-0.02,7.77,2,7.82,4,3.88,20191218,12,18
540,3028,增你強,273402,170,5711901,20.80,21.00,20.80,21.00,0.2,20.95,9,21.00,25,15.79,20191218,12,18
541,3029,零壹,381597,253,11578408,30.40,30.50,30.25,30.25,0.0,30.25,15,30.35,1,12.30,20191218,12,18
542,3030,德律,214400,171,11146900,52.00,52.20,51.90,51.90,-0.1,51.90,11,52.00,14,13.04,20191218,12,18
543,3031,佰鴻,687506,385,11717950,17.30,17.30,16.85,17.00,-0.1,17.00,35,17.05,3,14.17,20191218,12,18
544,3032,偉訓,215201,125,6105468,28.55,28.65,28.15,28.15,-0.2,28.10,18,28.25,2,10.95,20191218,12,18
545,3033,威健,264263,216,4709027,17.80,17.85,17.75,17.85,0.0,17.80,22,17.85,125,22.88,20191218,12,18
546,3034,聯詠,8514519,5634,1971730591,234.00,236.00,229.00,229.00,-9.0,229.00,119,229.50,4,17.04,20191218,12,18
547,3035,智原,1868563,1300,105762765,57.00,57.20,56.20,56.20,-0.5,56.20,39,56.30,3,36.97,20191218,12,18
548,3036,文曄,3039024,1552,124729777,41.10,41.20,40.95,41.10,0.0,41.05,46,41.10,35,10.05,20191218,12,18
549,3037,欣興,14966395,7839,673042982,45.55,45.55,44.65,44.80,-0.95,44.80,120,44.85,52,22.29,20191218,12,18
550,3038,全台,645332,332,11529473,18.00,18.00,17.80,17.85,-0.05,17.80,153,17.85,2,10.75,20191218,12,18
551,3040,遠見,36080,28,1024638,28.40,28.45,28.35,28.40,0.0,28.30,8,28.40,11,20.43,20191218,12,18
552,3041,揚智,2745156,1293,51856499,19.05,19.15,18.70,18.85,-0.35,18.80,68,18.85,23,0.00,20191218,12,18
553,3042,晶技,5842712,3448,278019202,48.45,48.45,47.10,47.30,-0.7,47.30,1,47.35,11,22.52,20191218,12,18
554,3043,科風,487239,101,821955,1.75,1.75,1.65,1.65,-0.1,1.65,34,1.66,9,3.44,20191218,12,18
555,3044,健鼎,1861139,1321,237740992,127.50,129.00,127.00,127.00,-0.5,126.50,69,127.00,16,11.43,20191218,12,18
556,3045,台灣大,4018627,1864,455657978,113.00,114.00,113.00,113.50,0.5,113.00,450,113.50,117,25.17,20191218,12,18
557,3046,建,103487,100,1738405,17.65,17.65,16.30,16.75,-0.5,16.75,7,16.85,2,72.83,20191218,12,18
558,3047,訊舟,7934453,2461,90240700,11.45,11.55,11.05,11.05,-0.3,11.05,67,11.10,40,19.05,20191218,12,18
559,3048,益登,1109022,586,20797854,18.80,19.00,18.70,18.70,-0.15,18.70,74,18.80,1,11.54,20191218,12,18
560,3049,和鑫,7388128,2163,103718260,14.10,14.20,13.95,13.95,-0.25,13.95,537,14.00,25,14.68,20191218,12,18
561,3050,鈺德,1951362,387,22999015,11.75,11.90,11.60,11.70,0.0,11.70,42,11.80,41,13.15,20191218,12,18
562,3051,力特,841709,159,2741125,3.33,3.33,3.04,3.19,0.16,3.19,16,3.20,13,0.00,20191218,12,18
563,3052,夆典,1070996,356,12478049,12.00,12.00,11.45,11.70,-0.05,11.65,70,11.70,4,0.00,20191218,12,18
564,3054,立萬利,67610,52,1759879,25.85,26.30,25.60,26.10,0.35,26.00,1,26.10,1,124.29,20191218,12,18
565,3055,蔚華科,125992,81,3558624,28.60,28.60,27.90,28.35,-0.25,28.35,4,28.40,10,354.38,20191218,12,18
566,3056,總太,1442982,769,45039423,31.00,31.45,30.80,31.30,0.35,31.25,45,31.30,33,16.92,20191218,12,18
567,3057,喬鼎,624406,259,4625190,7.48,7.59,7.22,7.52,0.13,7.52,6,7.55,1,0.00,20191218,12,18
568,3058,立德,109414,54,781429,7.19,7.20,7.09,7.17,-0.02,7.11,5,7.17,7,0.00,20191218,12,18
569,3059,華晶科,5433521,2633,133465281,24.10,24.95,24.10,24.70,0.7,24.65,8,24.70,10,65.00,20191218,12,18
570,3060,銘異,1653138,872,23112132,13.60,14.20,13.50,14.10,0.65,14.05,11,14.10,18,0.00,20191218,12,18
571,3062,建漢,2031933,914,37363266,18.40,18.55,18.25,18.35,0.05,18.30,15,18.35,10,67.96,20191218,12,18
572,3090,日電貿,958343,638,48105750,50.60,50.60,49.95,50.00,-0.4,50.00,65,50.10,2,12.38,20191218,12,18
573,3094,聯傑,301488,189,5291189,17.40,17.65,17.20,17.65,0.25,17.55,13,17.65,4,47.70,20191218,12,18
574,3130,一零四,13000,10,2119000,163.00,163.00,163.00,163.00,1.5,162.50,2,163.00,7,19.64,20191218,12,18
575,3149,正達,160854,94,1540217,9.56,9.60,9.53,9.60,0.04,9.58,3,9.60,122,0.00,20191218,12,18
576,3164,景岳,576001,180,14703525,25.50,26.00,25.25,25.25,0.25,25.25,1,25.30,2,26.03,20191218,12,18
577,3167,大量,1037095,561,43308671,40.70,42.90,40.60,42.00,1.35,42.00,46,42.10,6,16.41,20191218,12,18
578,3189,景碩,13382615,7409,738390055,56.20,57.00,54.10,54.40,-1.6,54.40,5,54.50,74,0.00,20191218,12,18
579,3209,全科,556509,293,11606077,20.85,20.95,20.80,20.80,0.0,20.80,10,20.85,39,14.25,20191218,12,18
580,3229,晟鈦,60100,51,734274,12.30,12.35,12.10,12.25,-0.1,12.15,12,12.25,5,0.00,20191218,12,18
581,3231,緯創,11577714,3574,345042950,29.80,29.90,29.65,29.85,0.05,29.80,146,29.85,3,13.95,20191218,12,18
582,3257,虹冠電,37826,37,2240634,59.50,59.50,59.10,59.10,-0.4,59.00,26,59.10,3,57.94,20191218,12,18
583,3266,昇陽,72700,54,1147510,15.65,16.00,15.55,15.95,0.15,15.80,3,15.95,12,37.09,20191218,12,18
584,3296,勝德,44125,34,657962,14.95,15.00,14.80,15.00,0.0,14.95,1,15.00,5,15.15,20191218,12,18
585,3305,昇貿,101252,80,2472171,24.50,24.55,24.25,24.30,-0.1,24.25,8,24.30,8,15.78,20191218,12,18
586,3308,聯德,60339,34,346305,5.76,5.85,5.73,5.73,-0.07,5.73,10,5.84,4,0.00,20191218,12,18
587,3311,閎暉,50491,73,1322280,26.20,26.40,26.10,26.10,-0.1,26.05,3,26.15,1,0.00,20191218,12,18
588,3312,弘憶股,355023,180,5767319,16.20,16.30,16.15,16.25,0.1,16.25,5,16.30,59,13.10,20191218,12,18
589,3321,同泰,566891,295,7835065,14.00,14.00,13.65,13.65,-0.35,13.65,6,13.70,6,0.00,20191218,12,18
590,3338,泰碩,6041186,4255,574072617,95.70,96.30,94.00,94.10,-1.5,94.00,88,94.10,11,29.87,20191218,12,18
591,3346,麗清,105263,86,3224345,30.55,30.75,30.50,30.70,0.25,30.65,5,30.70,9,34.11,20191218,12,18
592,3356,奇偶,118342,98,3574310,30.35,30.50,30.05,30.20,-0.15,30.15,5,30.20,2,44.41,20191218,12,18
593,3376,新日興,1160748,883,145617625,126.00,127.50,124.00,124.50,-2.0,124.50,7,125.00,13,17.10,20191218,12,18
594,3380,明泰,2174936,1021,51191343,23.60,23.65,23.35,23.60,0.05,23.60,5,23.65,103,44.53,20191218,12,18
595,3383,新世紀,26566,20,107779,4.01,4.13,4.01,4.13,-0.02,4.03,1,4.11,13,0.00,20191218,12,18
596,3406,玉晶光,16629922,13369,8864316270,515.00,546.00,513.00,537.00,18.0,537.00,1,538.00,64,29.85,20191218,12,18
597,3413,京鼎,3352855,2599,665762856,203.00,203.00,196.00,197.00,-6.0,196.50,66,197.00,3,27.79,20191218,12,18
598,3416,融程電,65000,43,3604400,55.40,55.70,55.20,55.50,0.2,55.50,2,55.70,2,15.63,20191218,12,18
599,3419,譁裕,286666,174,5188620,18.20,18.20,18.05,18.05,-0.05,18.00,40,18.05,9,0.00,20191218,12,18
600,3432,台端,54000,27,711750,13.15,13.20,13.10,13.20,0.05,13.10,20,13.20,1,12.11,20191218,12,18
601,3437,榮創,959703,539,17491406,18.45,18.45,18.10,18.10,-0.3,18.10,34,18.15,4,0.00,20191218,12,18
602,3443,創意,1470033,1183,357695033,247.00,247.00,240.00,242.00,-2.5,242.00,3,242.50,15,51.05,20191218,12,18
603,3450,聯鈞,841004,590,45124909,53.60,54.00,53.10,53.90,0.5,53.80,21,53.90,1,26.95,20191218,12,18
604,3454,晶睿,129772,136,12081696,93.00,93.80,92.30,92.90,0.0,92.70,2,92.90,2,23.40,20191218,12,18
605,3481,群創,180066226,25420,1579884795,8.58,8.88,8.54,8.80,0.18,8.80,"1,419",8.81,"1,743",0.00,20191218,12,18
606,3494,誠研,80159,47,360203,4.52,4.52,4.47,4.49,0.0,4.48,21,4.50,2,0.00,20191218,12,18
607,3501,維熹,77663,74,3863863,49.65,49.80,49.65,49.75,0.1,49.75,3,49.80,8,10.30,20191218,12,18
608,3504,揚明光,917028,646,74491884,81.30,81.90,80.30,81.40,-0.2,81.30,19,81.60,2,159.61,20191218,12,18
609,3515,華擎,135000,108,10435300,77.00,77.60,77.00,77.30,0.4,77.20,13,77.40,7,18.58,20191218,12,18
610,3518,柏騰,215299,172,6176295,28.95,29.00,28.30,28.35,-0.45,28.35,7,28.60,2,0.00,20191218,12,18
611,3528,安馳,143404,120,5450332,37.65,38.20,37.65,38.10,0.5,38.10,1,38.15,4,14.77,20191218,12,18
612,3530,晶相光,5227399,3772,538758297,99.80,105.00,99.80,102.50,3.3,102.50,10,103.00,38,45.76,20191218,12,18
613,3532,台勝科,1572106,1283,183093690,116.00,118.00,115.00,115.00,0.0,115.00,72,115.50,1,13.51,20191218,12,18
614,3533,嘉澤,979186,840,316615892,326.00,326.50,321.00,322.00,1.0,322.00,6,323.00,8,17.03,20191218,12,18
615,3535,晶彩科,882156,487,19921984,22.60,22.70,22.45,22.50,0.05,22.50,11,22.55,11,7.73,20191218,12,18
616,3536,誠創,86502,41,316847,3.90,3.90,3.46,3.49,-0.13,3.49,1,3.60,2,0.00,20191218,12,18
617,3545,敦泰,2465429,1070,60929168,24.50,24.95,24.50,24.75,0.35,24.75,19,24.80,85,0.00,20191218,12,18
618,3550,聯穎,257100,116,3696933,14.50,14.50,14.35,14.35,0.0,14.35,10,14.40,7,28.70,20191218,12,18
619,3557,嘉威,297619,159,11330809,38.15,38.45,37.75,38.00,-0.15,37.95,20,38.00,7,67.86,20191218,12,18
620,3563,牧德,595212,551,191227340,328.00,328.00,318.50,318.50,-6.5,318.50,6,319.00,2,12.23,20191218,12,18
621,3576,聯合再生,7586271,1988,54493829,7.15,7.22,7.14,7.18,0.04,7.18,137,7.19,104,0.00,20191218,12,18
622,3583,辛耘,2329595,1667,160763577,69.00,70.10,68.20,68.30,-0.4,68.20,12,68.40,3,11.98,20191218,12,18
623,3588,通嘉,3037194,2015,98497171,32.20,33.40,31.50,32.90,1.2,32.55,10,32.90,51,94.00,20191218,12,18
624,3591,艾笛森,589565,390,8077219,13.75,14.20,13.40,13.45,-0.2,13.45,15,13.55,6,0.00,20191218,12,18
625,3593,力銘,28323,24,195278,7.03,7.03,6.71,6.95,0.09,6.91,3,7.00,5,0.00,20191218,12,18
626,3596,智易,1699897,1292,159582544,94.00,94.40,93.60,93.60,-0.4,93.60,45,93.70,3,14.51,20191218,12,18
627,3605,宏致,674001,376,19597329,29.15,29.30,28.95,29.10,0.15,29.10,10,29.15,19,11.32,20191218,12,18
628,3607,谷崧,217100,77,3691855,17.00,17.10,16.95,17.00,0.0,17.00,6,17.05,3,0.00,20191218,12,18
629,3617,碩天,312601,250,35452014,111.00,114.50,111.00,113.50,2.5,113.50,21,114.00,1,13.98,20191218,12,18
630,3622,洋華,1093456,597,22677750,20.25,21.45,20.05,21.45,1.25,21.20,4,21.45,11,34.05,20191218,12,18
631,3645,達邁,317261,263,15719275,49.75,49.80,49.25,49.60,0.3,49.60,2,49.70,13,35.68,20191218,12,18
632,3653,健策,2151364,1601,434272977,203.50,204.50,199.50,200.50,-1.5,200.50,6,201.00,34,34.81,20191218,12,18
633,3661,世芯-KY,8095123,6183,1927244036,237.00,245.00,230.00,230.00,-3.5,230.00,151,230.50,1,62.33,20191218,12,18
634,3665,貿聯-KY,1775108,1342,379923612,214.00,215.50,212.50,213.50,0.0,213.00,49,213.50,9,14.04,20191218,12,18
635,3669,圓展,328000,112,5465450,16.50,16.85,16.40,16.80,0.35,16.75,1,16.85,16,34.29,20191218,12,18
636,3673,TPK-KY,3007405,1915,172866985,57.20,58.30,56.80,56.90,-0.1,56.90,31,57.00,5,46.26,20191218,12,18
637,3679,新至陞,78953,68,5254174,66.50,66.90,66.20,66.50,0.0,66.50,2,66.70,1,12.62,20191218,12,18
638,3682,亞太電,10339713,2336,82247206,7.96,8.03,7.90,7.92,0.01,7.92,130,7.93,11,0.00,20191218,12,18
639,3686,達能,286986,92,1187461,4.10,4.21,4.07,4.18,0.04,4.14,8,4.18,3,0.00,20191218,12,18
640,3694,海華,119690,94,2201000,18.20,18.50,18.20,18.45,0.35,18.35,1,18.45,1,0.00,20191218,12,18
641,3698,隆達,1989827,981,36168836,18.45,18.45,18.00,18.00,-0.5,18.00,16,18.05,4,0.00,20191218,12,18
642,3701,大眾控,12997,28,181158,13.85,14.00,13.85,14.00,0.0,13.85,5,14.00,7,18.67,20191218,12,18
643,3702,大聯大,4207247,1970,163760972,38.80,39.05,38.70,39.05,0.25,39.00,2,39.05,36,11.62,20191218,12,18
644,3702A,大聯大甲特,294394,107,15231067,51.60,51.80,51.60,51.80,0.2,51.60,232,51.70,1,0.00,20191218,12,18
645,3703,欣陸,1455753,622,18685633,12.90,12.95,12.80,12.85,-0.1,12.85,33,12.90,51,24.25,20191218,12,18
646,3704,合勤控,6817300,3103,139510416,20.10,20.80,20.00,20.45,0.55,20.45,34,20.50,30,36.52,20191218,12,18
647,3705,永信,177251,131,7590216,42.60,43.00,42.60,42.90,0.25,42.85,2,42.90,3,16.82,20191218,12,18
648,3706,神達,7930970,3485,230802599,28.90,29.30,28.85,29.20,0.4,29.15,131,29.20,83,12.17,20191218,12,18
649,3708,上緯投控,575521,441,47054815,81.30,82.20,81.10,81.80,0.8,81.80,8,82.00,33,9.74,20191218,12,18
650,3711,日月光投控,8582853,3354,730302055,84.90,85.70,84.50,85.40,0.4,85.30,7,85.40,206,22.83,20191218,12,18
651,3712,永崴投控,487509,251,10126150,20.75,20.90,20.70,20.75,0.05,20.75,37,20.80,4,0.00,20191218,12,18
652,4104,佳醫,123190,111,6598696,53.80,53.80,53.40,53.70,-0.1,53.60,16,53.70,12,13.46,20191218,12,18
653,4106,雃博,102110,57,2466021,24.15,24.20,24.10,24.20,0.1,24.15,2,24.20,7,23.50,20191218,12,18
654,4108,懷特,232976,140,4247059,18.30,18.35,18.15,18.25,-0.05,18.20,11,18.25,10,0.00,20191218,12,18
655,4119,旭富,301656,256,32305192,108.00,108.00,106.50,107.00,-0.5,107.00,8,107.50,22,14.36,20191218,12,18
656,4133,亞諾法,211654,180,5474184,25.85,26.00,25.75,25.80,-0.2,25.75,8,25.85,1,95.56,20191218,12,18
657,4137,麗豐-KY,263250,243,61951500,236.50,236.50,234.00,236.00,1.0,235.50,2,236.00,7,13.65,20191218,12,18
658,4141,龍燈-KY,74083,65,1068260,14.40,14.50,14.35,14.40,0.0,14.40,2,14.45,11,0.00,20191218,12,18
659,4142,國光生,952426,517,23172601,24.25,24.50,24.25,24.30,0.05,24.30,4,24.35,11,0.00,20191218,12,18
660,4144,康聯-KY,55108,54,1586720,28.80,28.85,28.70,28.85,0.1,28.75,2,28.85,4,26.96,20191218,12,18
661,4148,全宇生技-KY,41000,39,1672950,40.70,41.10,40.70,40.80,-0.45,40.80,1,40.90,1,41.63,20191218,12,18
662,4155,訊映,223100,154,7367460,33.20,33.20,32.85,33.20,0.0,33.10,1,33.20,17,18.44,20191218,12,18
663,4164,承業醫,578780,384,23774784,41.60,41.65,40.75,40.80,-0.8,40.75,11,40.80,1,14.27,20191218,12,18
664,4190,佐登-KY,1695100,1062,202219300,117.50,120.50,117.50,118.50,1.0,118.00,7,118.50,3,15.95,20191218,12,18
665,4306,炎洲,578163,288,7299780,12.60,12.65,12.60,12.65,0.05,12.60,139,12.65,73,29.42,20191218,12,18
666,4414,如興,1017943,309,12213216,12.00,12.05,11.95,12.00,0.0,11.95,30,12.00,59,0.00,20191218,12,18
667,4426,利勤,1980990,1451,94209053,45.85,48.60,45.70,48.60,3.25,48.45,2,48.60,26,19.68,20191218,12,18
668,4438,廣越,122422,113,18335878,150.00,150.00,149.50,150.00,0.5,149.50,8,150.00,33,15.32,20191218,12,18
669,4439,冠星-KY,66060,62,12611760,192.00,194.00,189.50,191.00,-1.0,190.00,2,191.00,2,20.32,20191218,12,18
670,4526,東台,212622,113,3578773,16.80,16.90,16.80,16.85,0.05,16.85,2,16.90,22,19.59,20191218,12,18
671,4532,瑞智,458843,269,10596346,23.10,23.25,22.90,23.25,0.05,23.20,2,23.25,30,14.81,20191218,12,18
672,4536,拓凱,204100,174,27492950,136.00,136.00,133.00,134.50,-1.5,134.00,18,134.50,1,12.66,20191218,12,18
673,4540,全球傳動,455585,371,23136298,50.60,51.30,50.00,50.80,0.3,50.80,18,51.00,12,71.55,20191218,12,18
674,4545,銘鈺,49000,37,1338350,27.35,27.45,27.15,27.35,0.05,27.10,2,27.35,49,101.30,20191218,12,18
675,4551,智伸科,379100,282,67904550,181.50,181.50,178.00,178.00,-2.5,178.00,41,178.50,4,23.64,20191218,12,18
676,4552,力達-KY,203447,154,8172378,40.30,40.35,40.05,40.35,-0.05,40.20,1,40.35,1,10.40,20191218,12,18
677,4555,氣立,17200,18,853560,49.50,49.80,49.50,49.80,0.3,49.55,1,49.90,1,46.11,20191218,12,18
678,4557,永新-KY,24121,24,1687093,69.90,70.20,69.80,69.90,-0.1,69.90,1,70.10,5,12.80,20191218,12,18
679,4560,強信-KY,309000,144,16242000,52.90,53.00,52.30,52.30,-0.6,52.20,12,52.30,9,13.17,20191218,12,18
680,4562,穎漢,47000,22,1157550,24.60,24.75,24.35,24.50,-0.55,24.50,2,24.70,1,52.13,20191218,12,18
681,4564,元翎,1244625,758,53951361,42.40,43.70,42.35,43.65,1.05,43.65,8,43.70,15,12.80,20191218,12,18
682,4566,時碩工業,205000,141,10429000,50.70,51.30,50.70,50.80,0.1,50.80,1,50.90,1,15.07,20191218,12,18
683,4571,鈞興-KY,19000,17,1305500,68.70,68.80,68.70,68.80,0.0,68.80,3,68.90,2,15.22,20191218,12,18
684,4572,駐龍,192310,172,22812890,121.00,122.00,117.00,118.50,-2.0,118.00,6,118.50,3,16.26,20191218,12,18
685,4576,大銀微系統,590756,467,51170966,84.80,87.90,84.80,86.60,2.1,86.50,1,86.60,1,69.84,20191218,12,18
686,4720,德淵,113053,61,1549931,13.75,13.85,13.60,13.85,0.25,13.65,9,13.90,7,23.88,20191218,12,18
687,4722,國精化,55427,27,1533698,27.75,27.75,27.65,27.75,0.1,27.70,2,27.75,17,11.37,20191218,12,18
688,4725,信昌化,506000,173,6650050,13.30,13.30,13.05,13.15,-0.05,13.10,2,13.15,17,0.00,20191218,12,18
689,4737,華廣,103463,92,8273640,79.80,80.50,79.40,80.40,0.8,80.00,10,80.50,8,41.23,20191218,12,18
690,4739,康普,217328,194,16252000,75.00,75.00,74.40,74.90,0.5,74.80,1,74.90,1,51.30,20191218,12,18
691,4746,台耀,2105520,1306,84717459,41.70,41.80,39.00,39.60,-2.5,39.60,40,39.65,12,20.84,20191218,12,18
692,4755,三福化,86023,77,3904703,44.70,46.00,44.70,45.80,1.2,45.70,1,45.80,5,11.99,20191218,12,18
693,4763,材料-KY,246696,228,30167455,121.50,124.00,120.50,123.50,2.5,123.50,1,124.00,35,21.29,20191218,12,18
694,4764,雙鍵,40600,41,2768320,67.90,68.80,67.00,68.20,0.4,68.00,1,68.20,1,16.80,20191218,12,18
695,4766,南寶,94109,93,14587895,154.00,156.50,154.00,156.00,2.0,155.50,12,156.00,9,18.14,20191218,12,18
696,4807,日成-KY,8010,13,235500,29.50,29.50,29.20,29.20,-0.3,29.20,2,29.40,1,0.00,20191218,12,18
697,4904,遠傳,2942651,1463,213409617,72.30,72.90,72.30,72.50,0.1,72.50,30,72.60,1,28.66,20191218,12,18
698,4906,正文,5324652,2186,138113228,25.95,26.10,25.80,25.90,-0.1,25.90,146,25.95,9,31.20,20191218,12,18
699,4912,聯德控股-KY,37342,39,4011764,107.50,108.00,106.00,107.50,-1.0,107.50,3,108.00,6,15.74,20191218,12,18
700,4915,致伸,1534688,1049,96272800,63.00,63.20,62.40,62.40,-0.4,62.40,28,62.50,15,13.90,20191218,12,18
701,4916,事欣科,190250,130,6441375,34.00,34.00,33.75,33.90,0.1,33.85,3,33.90,3,8.13,20191218,12,18
702,4919,新唐,792208,531,37208176,46.85,47.15,46.75,47.00,0.15,47.00,11,47.05,48,18.08,20191218,12,18
703,4927,泰鼎-KY,10291581,5267,465390083,44.10,46.00,43.85,45.10,1.0,45.10,6,45.15,7,8.23,20191218,12,18
704,4930,燦星網,168201,109,1852045,10.75,11.15,10.75,11.05,0.3,10.95,20,11.10,7,42.50,20191218,12,18
705,4934,太極,912001,229,4853865,5.30,5.40,5.28,5.29,-0.06,5.28,32,5.29,1,0.00,20191218,12,18
706,4935,茂林-KY,4374964,3069,488842932,109.50,115.00,107.50,113.00,4.5,113.00,12,113.50,12,57.95,20191218,12,18
707,4938,和碩,15293808,7583,1083143768,70.50,71.30,70.00,71.10,1.3,71.00,95,71.10,62,12.93,20191218,12,18
708,4942,嘉彰,428400,315,18465719,43.50,43.50,42.85,43.15,-0.35,43.15,7,43.20,1,9.72,20191218,12,18
709,4943,康控-KY,3618381,2578,637333556,177.50,179.00,172.50,174.50,-2.5,174.00,17,174.50,19,48.88,20191218,12,18
710,4952,凌通,183000,120,6193750,33.70,33.95,33.70,33.80,0.15,33.80,19,33.90,4,14.76,20191218,12,18
711,4956,光鋐,216668,123,3063652,14.10,14.20,14.10,14.10,0.0,14.10,119,14.15,6,0.00,20191218,12,18
712,4958,臻鼎-KY,7696765,4982,1103515745,141.00,145.50,140.00,141.50,0.5,141.50,59,142.00,88,14.89,20191218,12,18
713,4960,誠美材,1870350,1059,12254137,6.73,6.75,6.43,6.47,-0.13,6.47,12,6.57,11,0.00,20191218,12,18
714,4961,天鈺,705000,491,27216200,38.90,38.90,38.50,38.50,-0.15,38.50,56,38.55,3,19.25,20191218,12,18
715,4967,十銓,2583512,1485,77795960,30.50,30.80,29.50,30.00,-0.4,30.00,14,30.05,2,37.97,20191218,12,18
716,4968,立積,10539072,7304,1890540244,179.00,183.00,176.00,176.00,-1.0,175.50,40,176.00,38,58.67,20191218,12,18
717,4976,佳凌,593410,452,15830714,26.70,26.90,26.50,26.55,-0.15,26.55,20,26.60,5,0.00,20191218,12,18
718,4977,眾達-KY,520676,310,53111452,103.00,103.00,101.00,102.00,-0.5,101.50,29,102.00,1,27.72,20191218,12,18
719,4989,榮科,204250,153,5034225,24.25,24.90,24.25,24.65,0.15,24.55,2,24.65,2,33.31,20191218,12,18
720,4994,傳奇,199308,162,16922362,85.60,85.60,84.30,84.50,-0.6,84.50,1,84.60,1,34.49,20191218,12,18
721,4999,鑫禾,46146,43,1975701,42.80,42.90,42.70,42.90,0.1,42.75,5,42.90,2,11.79,20191218,12,18
722,5007,三星,111046,88,5668438,50.60,51.20,50.60,51.20,0.7,51.10,1,51.20,5,16.84,20191218,12,18
723,5203,訊連,1547026,1277,181802938,123.00,123.00,113.00,113.00,-5.0,113.00,13,113.50,3,25.86,20191218,12,18
724,5215,科嘉-KY,2148115,1498,142139035,68.10,68.10,65.60,66.00,-2.3,66.00,71,66.10,4,15.64,20191218,12,18
725,5225,東科-KY,357000,305,20206600,56.40,57.30,55.90,56.60,0.8,56.60,1,56.70,2,7.60,20191218,12,18
726,5234,達興材料,478746,375,44371632,92.90,93.10,92.00,92.00,-0.5,92.00,5,92.80,3,14.07,20191218,12,18
727,5243,乙盛-KY,4105120,2362,155511853,37.15,38.50,37.05,37.80,0.65,37.75,24,37.80,8,12.08,20191218,12,18
728,5258,虹堡,236000,180,6800200,29.00,29.00,28.75,28.75,0.0,28.70,13,28.75,3,0.00,20191218,12,18
729,5264,鎧勝-KY,1341037,886,64029961,47.15,48.15,47.00,47.90,0.65,47.85,3,47.90,8,0.00,20191218,12,18
730,5269,祥碩,376154,352,240326790,636.00,642.00,631.00,640.00,10.0,639.00,1,640.00,64,36.87,20191218,12,18
731,5283,禾聯碩,86040,70,8363836,97.20,97.50,97.00,97.30,0.1,97.20,4,97.30,10,9.49,20191218,12,18
732,5284,jpp-KY,22109,21,1118915,50.80,50.80,50.30,50.50,0.0,50.30,1,50.50,1,17.97,20191218,12,18
733,5285,界霖,151000,121,9446900,62.50,62.90,62.10,62.80,0.9,62.70,2,62.80,2,20.32,20191218,12,18
734,5288,豐祥-KY,91017,72,11232125,122.00,124.50,122.00,124.00,2.0,123.00,5,124.00,3,12.98,20191218,12,18
735,5305,敦南,223006,137,8850386,39.65,39.80,39.50,39.75,0.15,39.60,9,39.75,4,19.88,20191218,12,18
736,5388,中磊,761715,568,58688466,76.90,77.30,76.70,77.20,0.6,77.10,2,77.20,19,19.59,20191218,12,18
737,5434,崇越,592674,431,64758621,111.00,111.00,108.50,108.50,-1.0,108.50,94,109.00,24,11.48,20191218,12,18
738,5469,瀚宇博,3209264,1715,135328352,42.50,42.60,42.00,42.05,-0.45,42.05,71,42.10,8,7.58,20191218,12,18
739,5471,松翰,205121,140,6755868,32.90,33.10,32.80,33.00,0.1,33.00,8,33.05,2,17.46,20191218,12,18
740,5484,慧友,30049,18,267102,8.80,8.95,8.80,8.91,-0.05,8.89,1,8.91,1,0.00,20191218,12,18
741,5515,建國,152831,69,1619059,10.55,10.65,10.55,10.60,0.0,10.55,42,10.60,294,14.52,20191218,12,18
742,5519,隆大,1633907,574,26541140,16.30,16.35,16.10,16.20,-0.2,16.20,13,16.25,72,4.92,20191218,12,18
743,5521,工信,2914738,1055,28024804,9.56,9.70,9.50,9.56,0.01,9.56,28,9.57,5,0.00,20191218,12,18
744,5522,遠雄,3041410,1662,121407057,39.45,40.45,39.30,40.30,1.0,40.30,22,40.35,3,13.66,20191218,12,18
745,5525,順天,115300,95,2632555,22.65,22.95,22.65,22.90,0.25,22.90,5,22.95,19,8.58,20191218,12,18
746,5531,鄉林,524973,332,5746649,10.85,11.05,10.80,11.00,0.15,10.95,33,11.00,13,0.00,20191218,12,18
747,5533,皇鼎,110166,65,1754088,15.90,16.00,15.85,16.00,0.1,15.85,6,15.95,2,36.36,20191218,12,18
748,5534,長虹,907498,637,74990932,82.00,83.10,82.00,82.80,0.9,82.80,5,82.90,14,8.77,20191218,12,18
749,5538,東明-KY,4000,2,128800,32.20,32.20,32.20,32.20,0.0,31.90,2,32.70,1,14.50,20191218,12,18
750,5607,遠雄港,1382606,706,36125306,26.00,26.35,25.90,25.95,-0.05,25.95,42,26.00,16,8.86,20191218,12,18
751,5608,四維航,284603,132,2318286,8.18,8.18,8.13,8.18,0.0,8.17,1,8.18,5,0.00,20191218,12,18
752,5706,鳳凰,68888,61,2731783,39.70,39.85,39.50,39.75,0.05,39.65,6,39.75,3,11.87,20191218,12,18
753,5871,中租-KY,3280185,1917,453424613,139.00,139.00,137.50,137.50,-2.5,137.50,147,138.00,18,12.33,20191218,12,18
754,5876,上海商銀,2924237,1314,150074360,51.50,51.50,51.00,51.40,-0.2,51.40,2,51.50,235,14.77,20191218,12,18
755,5880,合庫金,16546265,4030,346139392,20.80,21.00,20.70,21.00,0.15,20.95,14,21.00,"1,627",16.67,20191218,12,18
756,5906,台南-KY,174131,111,2474510,14.00,14.70,13.90,14.25,-0.15,14.20,1,14.40,1,12.39,20191218,12,18
757,5907,大洋-KY,212000,151,6118700,28.75,28.95,28.75,28.90,0.15,28.90,2,28.95,1,11.99,20191218,12,18
758,6005,群益證,11886178,2593,128193477,10.70,10.85,10.70,10.85,0.15,10.80,187,10.85,"1,405",16.19,20191218,12,18
759,6024,群益期,140212,87,6042287,43.10,43.15,43.00,43.10,0.1,43.05,24,43.10,17,14.18,20191218,12,18
760,6108,競國,144189,103,3736760,25.85,26.00,25.80,26.00,0.15,25.95,2,26.00,39,9.56,20191218,12,18
761,6112,聚碩,260245,182,8976827,34.25,34.75,34.25,34.65,0.45,34.60,1,34.65,2,17.32,20191218,12,18
762,6115,鎰勝,61413,58,2671333,43.40,43.60,43.40,43.45,0.05,43.45,2,43.55,1,13.45,20191218,12,18
763,6116,彩晶,44837996,7645,364554762,8.04,8.19,8.03,8.10,0.03,8.10,"1,295",8.11,29,0.00,20191218,12,18
764,6117,迎廣,12180,7,165371,13.70,13.70,13.50,13.60,0.0,13.55,2,13.60,3,0.00,20191218,12,18
765,6120,達運,3076930,1019,47831050,15.35,15.75,15.30,15.65,0.3,15.65,41,15.70,40,0.00,20191218,12,18
766,6128,上福,102089,69,3114432,30.55,30.60,30.40,30.55,0.0,30.50,2,30.55,3,10.61,20191218,12,18
767,6131,悠克,171917,25,597049,3.45,3.49,3.45,3.48,-0.02,3.48,61,3.49,9,0.00,20191218,12,18
768,6133,金橋,39010,20,320040,8.23,8.26,8.20,8.20,0.01,8.19,15,8.20,4,27.33,20191218,12,18
769,6136,富爾特,101801,72,2021024,19.90,19.90,19.80,19.85,0.0,19.85,10,19.90,13,28.77,20191218,12,18
770,6139,亞翔,6141118,3469,184485757,28.25,31.05,28.25,31.05,2.8,31.05,"4,343",--,0,11.72,20191218,12,18
771,6141,柏承,5576438,2691,129759139,22.65,23.60,22.60,23.25,0.6,23.25,53,23.30,17,136.76,20191218,12,18
772,6142,友勁,128694,61,1005144,7.81,7.86,7.75,7.86,0.0,7.80,2,7.86,18,0.00,20191218,12,18
773,6152,百一,288886,89,2052282,7.13,7.14,7.09,7.09,-0.04,7.09,64,7.10,86,0.00,20191218,12,18
774,6153,嘉聯益,4045440,2191,145330757,36.10,36.25,35.75,35.80,-0.4,35.80,95,35.90,45,21.83,20191218,12,18
775,6155,鈞寶,1124221,711,31078409,27.50,27.90,27.25,27.70,0.55,27.65,19,27.80,1,24.30,20191218,12,18
776,6164,華興,78505,47,551496,7.04,7.04,7.00,7.03,-0.01,7.00,5,7.03,9,0.00,20191218,12,18
777,6165,捷泰,320772,198,6126983,18.95,19.55,18.85,18.85,-0.25,18.85,8,18.90,2,0.00,20191218,12,18
778,6166,凌華,498700,406,23529229,46.60,47.55,46.50,47.45,1.15,47.40,1,47.45,5,23.61,20191218,12,18
779,6168,宏齊,397048,190,5289785,13.40,13.40,13.20,13.40,0.05,13.35,3,13.40,72,22.33,20191218,12,18
780,6172,互億,475980,223,9116870,19.00,19.50,18.90,19.20,0.15,19.10,1,19.20,6,46.83,20191218,12,18
781,6176,瑞儀,2299669,1683,278527280,122.00,123.00,120.00,120.50,-1.0,120.50,10,121.00,148,8.14,20191218,12,18
782,6177,達麗,663062,291,18592986,28.30,28.30,27.90,28.00,-0.25,28.00,15,28.05,10,7.37,20191218,12,18
783,6183,關貿,95498,71,3529174,37.00,37.10,36.80,36.95,0.05,36.90,1,36.95,4,20.53,20191218,12,18
784,6184,大豐電,49065,50,1972311,40.10,40.30,40.05,40.30,0.2,40.20,5,40.30,4,12.36,20191218,12,18
785,6189,豐藝,137218,119,4789915,34.95,34.95,34.80,34.90,-0.05,34.85,14,34.95,20,11.75,20191218,12,18
786,6191,精成科,1078072,523,18374714,17.00,17.10,17.00,17.05,0.1,17.05,13,17.10,323,9.74,20191218,12,18
787,6192,巨路,394871,333,31736351,79.00,81.30,79.00,81.00,2.2,81.00,43,81.10,4,10.40,20191218,12,18
788,6196,帆宣,20366272,14442,1897722196,89.90,94.80,89.00,93.50,4.5,93.40,43,93.50,15,28.68,20191218,12,18
789,6197,佳必琪,2964301,1785,104191752,34.30,35.90,34.30,35.30,1.3,35.30,28,35.40,6,13.32,20191218,12,18
790,6201,亞弘電,42028,32,1486344,35.20,35.50,35.20,35.50,0.3,35.45,1,35.50,1,9.52,20191218,12,18
791,6202,盛群,404605,337,28577349,70.50,71.00,70.30,70.80,0.3,70.80,3,70.90,10,16.98,20191218,12,18
792,6205,詮欣,78561,59,2060241,26.00,26.35,26.00,26.30,0.35,26.20,1,26.30,1,15.11,20191218,12,18
793,6206,飛捷,363139,300,25911009,71.30,71.60,71.10,71.30,0.3,71.20,4,71.30,3,14.26,20191218,12,18
794,6209,今國光,10266676,5733,315279697,29.10,31.65,29.10,30.65,1.55,30.65,56,30.70,2,0.00,20191218,12,18
795,6213,聯茂,5893247,4130,773324481,131.50,133.50,129.00,129.00,-4.0,129.00,165,129.50,16,16.82,20191218,12,18
796,6214,精誠,278518,226,20962550,75.50,75.50,75.10,75.10,0.0,75.00,46,75.10,6,16.99,20191218,12,18
797,6215,和椿,152201,94,2442716,16.00,16.25,15.95,16.00,0.05,15.95,10,16.00,7,26.67,20191218,12,18
798,6216,居易,103032,57,2876503,27.95,28.00,27.80,28.00,0.05,27.85,14,28.00,20,14.43,20191218,12,18
799,6224,聚鼎,196392,161,12982390,66.20,66.40,65.80,66.10,0.0,66.10,1,66.30,4,16.78,20191218,12,18
800,6225,天瀚,151808,23,227682,1.50,1.51,1.50,1.50,-0.04,1.50,31,1.57,1,0.00,20191218,12,18
801,6226,光鼎,776011,335,6114414,7.90,7.94,7.84,7.93,0.03,7.90,5,7.93,6,396.50,20191218,12,18
802,6230,超眾,5468990,4143,1391987958,256.00,257.50,250.50,255.00,1.5,255.00,2,255.50,44,27.99,20191218,12,18
803,6235,華孚,83002,63,1085526,13.15,13.15,13.00,13.00,-0.05,13.00,24,13.10,38,0.00,20191218,12,18
804,6239,力成,2960907,1781,310588274,106.00,106.00,104.00,105.00,0.0,104.50,380,105.00,24,15.93,20191218,12,18
805,6243,迅杰,127293,71,1322181,10.45,10.50,10.25,10.40,0.0,10.35,1,10.45,17,0.00,20191218,12,18
806,6251,定穎,4064600,1519,69511505,17.30,17.30,16.95,17.10,-0.1,17.10,84,17.15,87,37.17,20191218,12,18
807,6257,矽格,3678579,2291,136202280,37.45,37.55,36.80,36.80,-0.65,36.80,170,36.85,3,13.68,20191218,12,18
808,6269,台郡,3485304,2445,399471298,115.50,115.50,114.00,114.50,0.0,114.50,54,115.00,309,13.25,20191218,12,18
809,6271,同欣電,2871428,2012,400700992,140.00,142.00,137.50,138.50,-1.5,138.50,17,139.00,4,28.97,20191218,12,18
810,6277,宏正,107385,98,9387002,87.50,87.50,87.20,87.50,0.1,87.40,3,87.50,14,8.49,20191218,12,18
811,6278,台表科,7051931,4896,810615722,118.50,119.00,112.50,112.50,-5.0,112.50,43,113.00,17,17.91,20191218,12,18
812,6281,全國電,52226,40,3552594,68.20,68.20,67.90,68.00,-0.2,67.90,6,68.00,7,17.26,20191218,12,18
813,6282,康舒,2966505,1217,70892115,23.90,24.10,23.70,23.75,-0.05,23.75,254,23.80,2,8.02,20191218,12,18
814,6283,淳安,177550,132,5295124,29.95,30.15,29.60,29.75,-0.2,29.65,5,29.75,1,135.23,20191218,12,18
815,6285,啟,2745346,1962,207758082,75.40,75.90,75.40,75.60,0.4,75.60,50,75.70,13,16.95,20191218,12,18
816,6288,聯嘉,4426400,1651,117193919,26.40,26.85,26.15,26.30,0.0,26.30,26,26.35,7,23.69,20191218,12,18
817,6289,華上,187500,28,175781,0.95,0.96,0.92,0.92,-0.08,0.91,40,0.92,106,0.00,20191218,12,18
818,6405,悅城,38000,25,573000,14.95,15.10,14.95,15.05,0.1,15.00,2,15.10,5,752.50,20191218,12,18
819,6409,旭隼,165291,154,119956520,730.00,743.00,722.00,723.00,10.0,722.00,13,725.00,12,29.04,20191218,12,18
820,6412,群電,386542,333,24506460,64.10,64.10,63.20,63.20,-0.9,63.20,2,63.30,22,15.05,20191218,12,18
821,6414,樺漢,406098,340,102738196,252.50,254.50,251.50,251.50,-1.0,251.50,19,252.00,4,20.40,20191218,12,18
822,6415,矽力-KY,409054,428,394550408,991.00,991.00,951.00,952.00,-33.0,952.00,5,956.00,1,42.71,20191218,12,18
823,6416,瑞祺電通,111130,89,10399307,93.90,94.00,93.20,93.90,0.7,93.70,1,93.90,1,20.24,20191218,12,18
824,6431,光麗-KY,67000,46,1780300,26.70,26.80,26.50,26.50,-0.55,26.50,5,26.80,1,0.00,20191218,12,18
825,6442,光聖,610720,30,22710268,36.80,37.55,36.80,37.55,0.65,37.35,1,37.50,2,28.45,20191218,12,18
826,6443,元晶,670623,256,4937146,7.33,7.38,7.33,7.35,0.02,7.35,33,7.36,1,0.00,20191218,12,18
827,6449,鈺邦,757330,524,30722300,41.00,41.25,40.15,40.20,-0.8,40.20,17,40.30,6,39.41,20191218,12,18
828,6451,訊芯-KY,1244409,1008,171337055,139.00,139.00,136.50,136.50,-3.0,136.50,49,137.00,2,21.77,20191218,12,18
829,6452,康友-KY,1492206,1401,312244554,210.50,211.50,208.00,208.50,-3.5,208.50,32,209.00,18,14.71,20191218,12,18
830,6456,GIS-KY,1766050,1275,194658500,110.00,111.00,109.50,110.50,0.5,110.00,153,110.50,39,9.74,20191218,12,18
831,6464,台數科,21212,20,2430168,114.50,115.00,113.00,115.00,0.5,113.00,4,114.00,1,21.58,20191218,12,18
832,6477,安集,302711,160,6805509,22.20,22.65,22.20,22.60,0.4,22.60,6,22.65,40,9.54,20191218,12,18
833,6491,晶碩,254213,219,44326954,173.00,175.00,173.00,174.00,1.0,173.50,8,174.00,4,20.52,20191218,12,18
834,6504,南六,33000,32,4438000,134.50,135.00,133.50,135.00,0.5,134.00,2,135.50,3,19.18,20191218,12,18
835,6505,台塑化,4885034,2814,477462154,98.00,98.30,97.00,98.00,0.0,98.00,84,98.10,21,36.57,20191218,12,18
836,6525,捷敏-KY,318459,272,21245523,67.40,67.50,66.30,66.60,-0.3,66.50,7,66.70,3,12.78,20191218,12,18
837,6531,愛普,1256178,974,114413324,91.50,93.00,88.60,89.90,-1.6,89.90,14,90.00,4,0.00,20191218,12,18
838,6533,晶心科,2461631,2013,329483030,136.00,136.50,131.00,131.00,-1.5,131.00,25,131.50,1,122.43,20191218,12,18
839,6541,泰福-KY,363300,278,14671497,40.40,41.00,39.80,40.20,-0.45,40.20,1,40.25,6,0.00,20191218,12,18
840,6552,易華電,442318,364,35355998,80.40,80.50,79.50,79.90,0.0,79.80,3,79.90,12,13.97,20191218,12,18
841,6558,興能高,5211134,3182,383919226,74.30,74.70,72.10,72.10,-1.9,72.10,30,72.20,7,31.48,20191218,12,18
842,6573,虹揚-KY,712298,520,17992394,24.05,26.05,24.05,24.65,0.9,24.65,2,24.90,1,0.00,20191218,12,18
843,6579,研揚,23024,19,1656140,71.90,72.10,71.90,72.10,0.2,72.10,1,72.30,1,24.28,20191218,12,18
844,6581,鋼聯,29570,32,2520935,85.20,85.50,85.10,85.50,0.3,85.30,1,85.80,1,15.00,20191218,12,18
845,6582,申豐,74000,67,4260200,56.70,58.00,56.70,57.90,0.9,57.90,5,58.00,6,12.06,20191218,12,18
846,6591,動力-KY,365178,271,18944156,52.40,52.40,51.60,51.70,-0.7,51.70,8,51.90,5,18.27,20191218,12,18
847,6592,和潤企業,3046260,2654,259950353,85.00,85.80,85.00,85.30,0.4,85.20,115,85.40,9,15.62,20191218,12,18
848,6605,帝寶,193350,148,11507239,59.40,60.30,59.00,60.10,0.7,60.00,2,60.10,1,12.17,20191218,12,18
849,6625,必應,15145,24,709192,46.55,47.20,46.55,47.20,0.65,46.80,2,47.25,2,0.00,20191218,12,18
850,6641,基士德-KY,37000,25,2552300,68.60,69.20,68.60,69.00,0.3,69.00,2,69.20,1,10.88,20191218,12,18
851,6655,科定,48000,41,1925300,40.45,40.45,39.20,40.40,-0.05,40.25,1,40.50,9,18.45,20191218,12,18
852,6666,羅麗芬-KY,23770,38,4168250,174.00,176.00,174.00,175.00,0.5,175.00,2,175.50,7,16.75,20191218,12,18
853,6668,中揚光,1567270,1048,127112763,82.70,83.00,79.00,79.00,-3.4,79.00,40,79.20,3,61.72,20191218,12,18
854,6669,緯穎,1414368,1187,876370252,624.00,630.00,610.00,614.00,-5.0,613.00,2,614.00,4,19.49,20191218,12,18
855,6670,復盛應用,494323,395,88716300,177.50,180.50,177.00,179.50,2.5,179.50,17,180.00,13,11.67,20191218,12,18
856,6671,三能-KY,27000,6,1009650,37.50,37.50,37.35,37.35,-0.05,37.20,1,37.30,5,14.09,20191218,12,18
857,6672,騰輝電子-KY,1438400,1161,135864498,92.80,95.30,92.80,94.40,1.5,94.40,8,94.50,2,15.63,20191218,12,18
858,6674,鋐寶科技,30000,24,878500,29.20,29.40,29.20,29.40,0.2,29.30,3,29.50,9,43.24,20191218,12,18
859,6698,旭暉應材,475800,389,43247398,91.00,92.00,90.10,90.50,-0.8,90.50,2,90.60,1,29.87,20191218,12,18
860,6715,嘉基,285210,202,26034692,91.90,91.90,90.70,91.60,0.1,91.60,12,91.70,16,20.82,20191218,12,18
861,8011,台通,156823,110,2520068,16.10,16.15,16.00,16.10,0.0,16.05,14,16.10,30,0.00,20191218,12,18
862,8016,矽創,1529779,1225,258255151,170.00,171.00,167.00,167.50,-1.5,167.00,146,167.50,8,17.76,20191218,12,18
863,8021,尖點,1765688,892,41455372,23.65,23.80,23.20,23.20,-0.5,23.20,12,23.25,2,14.50,20191218,12,18
864,8028,昇陽半導體,2426863,1608,177164876,72.60,73.60,72.50,72.70,0.5,72.70,13,72.80,10,27.54,20191218,12,18
865,8033,雷虎,153436,85,1567545,10.20,10.30,10.15,10.25,0.05,10.20,1,10.25,11,0.00,20191218,12,18
866,8039,台虹,735861,516,33883593,46.25,46.35,45.65,46.00,0.05,46.00,15,46.05,3,14.79,20191218,12,18
867,8046,南電,2874255,1724,141446439,49.55,49.65,48.80,49.20,-0.4,49.10,8,49.20,33,109.33,20191218,12,18
868,8070,長華,65066,60,11375050,174.50,175.00,174.50,174.50,0.0,174.50,16,175.00,26,9.67,20191218,12,18
869,8072,陞泰,62460,49,1283630,20.55,20.70,20.45,20.55,-0.05,20.50,2,20.60,4,0.00,20191218,12,18
870,8081,致新,638450,506,80466474,126.00,127.50,125.00,125.50,-1.0,125.50,2,126.00,15,15.77,20191218,12,18
871,8101,華冠,1158647,334,5915100,5.22,5.22,4.96,5.10,0.07,5.09,12,5.10,6,0.00,20191218,12,18
872,8103,瀚荃,120252,89,3228675,26.95,26.95,26.80,26.85,0.0,26.85,13,26.90,6,11.00,20191218,12,18
873,8104,錸寶,575285,412,32220300,56.00,57.10,55.30,55.30,-1.0,55.20,3,55.40,10,28.07,20191218,12,18
874,8105,凌巨,901158,429,12778691,14.35,14.35,14.10,14.15,-0.05,14.15,17,14.20,91,14.89,20191218,12,18
875,8110,華東,6606500,1595,80259172,12.05,12.50,12.00,12.25,0.25,12.20,34,12.25,14,51.04,20191218,12,18
876,8112,至上,6971958,2987,210284922,30.00,30.40,30.00,30.30,0.5,30.25,6,30.30,82,9.18,20191218,12,18
877,8114,振樺電,215243,203,22651515,103.00,106.50,103.00,105.00,2.0,105.00,5,105.50,3,17.50,20191218,12,18
878,8131,福懋科,1524901,795,56219406,36.80,37.10,36.50,36.90,0.1,36.80,72,36.90,5,13.72,20191218,12,18
879,8150,南茂,3540070,1936,127215582,36.25,36.25,35.70,35.90,-0.35,35.90,3,36.00,28,10.17,20191218,12,18
880,8163,達方,2473117,1665,107897463,43.30,43.85,43.00,43.85,0.7,43.85,6,43.90,59,12.15,20191218,12,18
881,8201,無敵,84548,69,939379,11.00,11.20,11.00,11.15,0.1,11.10,5,11.15,7,0.00,20191218,12,18
882,8210,勤誠,530325,425,44751853,83.60,85.20,83.20,84.90,1.3,84.90,4,85.00,8,11.43,20191218,12,18
883,8213,志超,760481,386,27580120,36.10,36.40,36.05,36.30,0.2,36.30,4,36.35,5,7.74,20191218,12,18
884,8215,明基材,909265,564,16679247,18.40,18.50,18.25,18.30,-0.05,18.30,23,18.35,1,18.67,20191218,12,18
885,8222,寶一,45822,53,828326,18.05,18.20,18.00,18.00,0.05,17.95,6,18.00,1,20.93,20191218,12,18
886,8249,菱光,161512,113,3557864,22.05,22.10,21.95,22.05,0.1,22.00,14,22.05,10,11.19,20191218,12,18
887,8261,富鼎,1705414,1201,51719280,30.75,30.90,29.95,30.05,-0.85,30.05,7,30.10,1,29.17,20191218,12,18
888,8271,宇瞻,11729419,6729,498719078,42.00,43.25,41.25,41.70,0.1,41.70,12,41.80,12,12.30,20191218,12,18
889,8341,日友,346425,410,81387425,237.50,237.50,233.50,235.00,-1.0,234.50,3,235.00,4,26.32,20191218,12,18
890,8367,建新國際,158000,94,4387900,27.80,28.00,27.65,27.75,0.0,27.70,11,27.85,2,14.30,20191218,12,18
891,8374,羅昇,247317,134,5651850,23.00,23.00,22.50,22.70,-0.1,22.70,11,22.80,14,0.00,20191218,12,18
892,8404,百和興業-KY,258703,209,10718121,40.80,41.75,40.80,41.75,0.95,41.70,1,41.75,1,29.61,20191218,12,18
893,8411,福貞-KY,74684,65,1131545,15.20,15.25,15.05,15.25,0.0,15.20,1,15.25,26,0.00,20191218,12,18
894,8422,可寧衛,105880,107,16543540,156.00,157.00,155.50,157.00,1.0,156.50,1,157.00,26,15.13,20191218,12,18
895,8427,基勝-KY,0,0,0,--,--,--,--,0.0,38.00,37,38.30,1,23.90,20191218,12,18
896,8429,金麗-KY,513007,312,5799670,11.20,11.40,11.20,11.25,0.05,11.25,10,11.30,7,10.23,20191218,12,18
897,8442,威宏-KY,213880,170,11747300,54.50,55.50,54.30,55.40,1.3,55.10,3,55.40,15,12.15,20191218,12,18
898,8443,阿瘦,38001,26,424362,11.15,11.25,11.10,11.20,0.05,11.15,5,11.20,2,0.00,20191218,12,18
899,8454,富邦媒,34201,42,9960090,288.50,293.00,288.50,293.00,4.5,291.00,2,293.00,7,29.66,20191218,12,18
900,8462,柏文,310146,336,62575784,199.50,203.00,198.50,202.50,4.0,202.00,10,203.00,14,27.07,20191218,12,18
901,8463,潤泰材,1076999,758,50277203,46.60,47.15,46.40,46.45,-0.1,46.45,15,46.55,2,66.36,20191218,12,18
902,8464,億豐,844805,744,234413774,272.50,281.50,272.00,276.50,5.5,276.00,9,276.50,15,18.77,20191218,12,18
903,8466,美吉吉-KY,54100,55,3784650,70.00,70.00,69.70,69.70,-0.3,69.70,2,70.00,3,10.10,20191218,12,18
904,8467,波力-KY,12000,8,821400,69.30,69.30,68.00,68.80,0.8,68.10,1,68.40,2,23.40,20191218,12,18
905,8473,山林水,57890,68,2880150,49.35,50.00,49.35,50.00,0.35,49.90,4,50.00,4,22.42,20191218,12,18
906,8478,東哥遊艇,28000,25,1246250,44.35,44.60,44.20,44.30,-0.05,44.30,1,44.55,5,15.71,20191218,12,18
907,8480,泰昇-KY,18050,20,2590700,144.00,144.00,142.00,144.00,0.5,142.00,1,144.00,11,17.91,20191218,12,18
908,8481,政伸,6000,6,356000,59.60,59.60,58.90,59.40,-0.2,59.00,1,59.50,2,16.97,20191218,12,18
909,8482,商億-KY,127000,48,17490500,138.00,138.00,137.50,138.00,0.0,137.50,2,138.00,55,15.70,20191218,12,18
910,8488,吉源-KY,7000,6,117950,16.85,16.95,16.75,16.95,-0.05,16.75,4,17.00,4,25.68,20191218,12,18
911,8497,格威傳媒,13000,11,676300,52.20,52.30,51.70,52.30,0.4,52.00,1,52.40,1,10.67,20191218,12,18
912,8499,鼎炫-KY,102200,92,10805300,106.50,106.50,105.00,106.00,-1.5,106.00,3,106.50,16,11.18,20191218,12,18
913,8926,台汽電,561555,373,16545879,29.45,29.55,29.35,29.45,0.05,29.45,3,29.50,17,22.83,20191218,12,18
914,8940,新天地,18229,20,214309,11.80,11.90,11.65,11.65,-0.05,11.70,2,11.85,9,0.00,20191218,12,18
915,8996,高力,198001,144,9170646,46.60,46.70,46.00,46.40,-0.2,46.35,2,46.40,4,23.32,20191218,12,18
916,9103,美德醫療-DR,696000,84,770640,1.10,1.12,1.10,1.11,0.02,1.10,197,1.12,174,0.00,20191218,12,18
917,910322,康師傅-DR,4000,4,100600,25.25,25.25,25.10,25.10,-1.0,24.55,8,25.35,3,0.00,20191218,12,18
918,910482,聖馬丁-DR,160199,19,36844,0.23,0.23,0.23,0.23,0.01,0.23,105,0.24,113,0.00,20191218,12,18
919,9105,泰金寶-DR,9535455,1238,31032420,3.24,3.30,3.21,3.21,-0.03,3.21,600,3.22,22,0.00,20191218,12,18
920,910861,神州-DR,12000,4,91180,7.58,7.60,7.58,7.60,0.05,7.57,5,7.70,11,0.00,20191218,12,18
921,9110,越南控-DR,93000,25,173380,1.85,1.90,1.85,1.90,0.0,1.87,1,1.89,26,0.00,20191218,12,18
922,911608,明輝-DR,31000,4,26350,0.85,0.85,0.85,0.85,-0.03,0.83,1,0.85,9,0.00,20191218,12,18
923,911616,杜康-DR,3179000,366,3129770,0.99,1.02,0.92,1.00,0.07,1.00,72,1.01,10,0.00,20191218,12,18
924,911622,泰聚亨-DR,0,0,0,--,--,--,--,0.0,--,0,12.70,3,0.00,20191218,12,18
925,911868,同方友友-DR,32000,7,32720,1.06,1.06,1.02,1.02,-0.05,1.02,10,1.03,15,0.00,20191218,12,18
926,912000,晨訊科-DR,2000,2,3940,1.97,1.97,1.97,1.97,-0.03,1.98,7,2.02,1,0.00,20191218,12,18
927,912398,友佳-DR,0,0,0,--,--,--,--,0.0,3.72,2,3.88,3,0.00,20191218,12,18
928,9136,巨騰-DR,75000,19,581490,7.75,7.80,7.71,7.78,0.03,7.77,2,7.78,7,0.00,20191218,12,18
929,9188,精熙-DR,97000,19,315890,3.25,3.27,3.25,3.27,0.0,3.26,20,3.27,6,0.00,20191218,12,18
930,9802,鈺齊-KY,285253,247,35068245,122.00,123.50,121.50,123.50,0.5,123.00,1,123.50,8,19.21,20191218,12,18
931,9902,台火,569370,271,6069833,10.60,10.75,10.50,10.55,0.0,10.55,60,10.60,1,25.12,20191218,12,18
932,9904,寶成,5613568,2557,220476710,39.10,39.40,39.00,39.20,-0.1,39.20,349,39.30,2,8.50,20191218,12,18
933,9905,大華,100140,87,2425014,24.25,24.30,24.00,24.25,0.0,24.20,13,24.25,7,15.95,20191218,12,18
934,9906,欣巴巴,111480,65,2071078,18.55,18.80,18.50,18.65,0.25,18.55,11,18.65,27,0.00,20191218,12,18
935,9907,統一實,754709,386,9021868,11.95,12.00,11.90,11.95,0.0,11.95,6,12.00,403,24.90,20191218,12,18
936,9908,大台北,92408,74,2903358,31.30,31.50,31.30,31.40,0.2,31.35,5,31.40,10,20.00,20191218,12,18
937,9910,豐泰,2133709,1643,411284882,187.50,195.00,187.50,194.00,7.0,194.00,42,194.50,7,22.12,20191218,12,18
938,9911,櫻花,367049,326,17500228,47.30,48.00,47.25,47.90,0.6,47.85,1,47.90,2,12.91,20191218,12,18
939,9912,偉聯,41827,42,333850,8.04,8.05,7.68,8.01,-0.04,7.94,2,8.01,3,0.00,20191218,12,18
940,9914,美利達,499602,469,85491544,169.50,174.00,169.00,172.50,3.0,172.50,10,173.00,1,21.48,20191218,12,18
941,9917,中保科,208241,199,18519315,89.10,89.40,88.60,88.90,-0.5,88.90,4,89.10,2,18.33,20191218,12,18
942,9918,欣天然,20024,12,690416,34.60,34.60,34.40,34.60,0.0,34.25,1,34.60,7,24.37,20191218,12,18
943,9919,康那香,82930,56,855426,10.30,10.35,10.30,10.35,0.05,10.25,25,10.35,21,0.00,20191218,12,18
944,9921,巨大,811348,691,168653580,206.00,209.00,205.50,208.50,1.0,208.50,3,209.00,25,22.02,20191218,12,18
945,9924,福興,86090,83,3780210,44.00,44.00,43.70,44.00,0.3,43.90,1,44.00,16,9.48,20191218,12,18
946,9925,新保,92801,80,3478705,37.40,37.50,37.40,37.50,0.1,37.45,4,37.50,6,18.66,20191218,12,18
947,9926,新海,4104,5,171598,41.65,41.95,41.65,41.95,0.35,41.60,21,41.95,5,19.98,20191218,12,18
948,9927,泰銘,183658,130,5895319,32.15,32.25,32.00,32.25,0.1,32.20,3,32.25,6,14.27,20191218,12,18
949,9928,中視,27818,17,132802,4.77,4.80,4.68,4.78,0.12,4.73,10,4.86,5,0.00,20191218,12,18
950,9929,秋雨,338920,27,4239577,12.75,13.05,12.40,12.80,0.25,12.80,2,13.15,3,0.00,20191218,12,18
951,9930,中聯資源,108093,97,5429084,50.10,50.60,50.00,50.50,0.5,50.40,6,50.50,16,14.11,20191218,12,18
952,9931,欣高,20011,13,720247,36.00,36.00,35.95,36.00,0.05,35.70,1,36.00,11,19.25,20191218,12,18
953,9933,中鼎,1171384,959,44801433,38.30,38.40,38.10,38.15,-0.15,38.10,148,38.15,3,27.64,20191218,12,18
954,9934,成霖,551375,283,9668200,17.60,17.60,17.45,17.50,-0.1,17.50,10,17.55,42,9.26,20191218,12,18
955,9935,慶豐富,713781,426,29794609,41.60,42.00,41.30,41.80,0.2,41.75,2,41.80,38,25.80,20191218,12,18
956,9937,全國,40436,40,1738735,42.80,43.50,42.75,43.50,0.6,43.15,1,43.45,10,18.28,20191218,12,18
957,9938,百和,4167413,2882,334198601,78.30,81.00,78.00,80.50,2.7,80.30,7,80.50,6,15.57,20191218,12,18
958,9939,宏全,780629,666,46715586,60.00,60.10,59.70,60.00,-0.1,59.70,14,60.00,30,14.46,20191218,12,18
959,9940,信義,256733,220,8145484,31.55,31.90,31.55,31.85,0.4,31.80,5,31.85,21,12.79,20191218,12,18
960,9941,裕融,375662,273,43403292,115.50,116.00,115.00,115.50,0.0,115.50,3,116.00,91,15.55,20191218,12,18
961,9941A,裕融甲特,7563,11,408244,53.90,54.10,53.90,54.10,-0.1,54.10,1,54.20,17,0.00,20191218,12,18
962,9942,茂順,66856,49,4657720,69.80,69.80,69.40,69.60,-0.2,69.60,4,69.80,15,13.65,20191218,12,18
963,9943,好樂迪,171755,140,12265030,71.30,71.50,71.30,71.50,0.2,71.40,5,71.50,4,12.20,20191218,12,18
964,9944,新麗,42060,32,724844,17.25,17.30,17.20,17.25,0.0,17.25,2,17.30,9,0.00,20191218,12,18
965,9945,潤泰新,5024647,3280,226567730,45.65,45.65,44.90,44.90,-0.7,44.90,6,44.95,13,4.14,20191218,12,18
966,9946,三發地產,924220,479,24239844,26.30,26.35,26.15,26.20,-0.1,26.20,20,26.25,2,5.33,20191218,12,18
967,9955,佳龍,194177,138,3492217,17.90,18.15,17.85,18.00,-0.1,17.90,9,18.00,17,112.50,20191218,12,18
968,9958,世紀鋼,2661384,1520,193844705,72.50,73.30,71.90,73.20,1.2,73.10,68,73.20,6,25.33,20191218,12,18
