,stockno,stock_name,dividend_yield,dividend_year,PE_ratio,PB_ratio,financial_season,date,year,month,day
0,1101,台泥,9.33,107,10.59,1.32,108/3,20191218,2019,12,18
1,1102,亞泥,5.84,107,10.56,1.13,108/3,20191218,2019,12,18
2,1103,嘉泥,4.98,107,9.95,0.59,108/3,20191218,2019,12,18
3,1104,環泥,5.13,107,12.75,0.72,108/3,20191218,2019,12,18
4,1108,幸福,0.00,107,0.0,0.76,108/3,20191218,2019,12,18
5,1109,信大,4.19,107,6.68,1.00,108/3,20191218,2019,12,18
6,1110,東泥,0.58,107,865.00,1.16,108/3,20191218,2019,12,18
7,1201,味全,3.25,107,9.92,1.78,108/3,20191218,2019,12,18
8,1203,味王,3.66,107,14.84,1.32,108/3,20191218,2019,12,18
9,1210,大成,4.58,107,15.07,1.91,108/3,20191218,2019,12,18
10,1213,大飲,0.00,106,0.0,0.61,108/3,20191218,2019,12,18
11,1215,卜蜂,4.58,107,14.00,2.39,108/3,20191218,2019,12,18
12,1216,統一,3.40,107,22.21,3.90,108/3,20191218,2019,12,18
13,1217,愛之味,0.00,107,44.50,0.63,108/3,20191218,2019,12,18
14,1218,泰山,3.60,107,19.82,1.66,108/3,20191218,2019,12,18
15,1219,福壽,0.54,107,68.89,1.57,108/3,20191218,2019,12,18
16,1220,台榮,4.32,107,19.02,0.84,108/3,20191218,2019,12,18
17,1225,福懋油,3.21,107,24.03,2.49,108/3,20191218,2019,12,18
18,1227,佳格,3.45,107,20.45,4.14,108/3,20191218,2019,12,18
19,1229,聯華,5.73,107,14.10,1.56,108/3,20191218,2019,12,18
20,1231,聯華食,5.50,107,15.14,2.13,108/3,20191218,2019,12,18
21,1232,大統益,4.15,107,18.83,5.04,108/3,20191218,2019,12,18
22,1233,天仁,4.90,107,22.27,2.25,108/3,20191218,2019,12,18
23,1234,黑松,4.93,107,16.14,0.74,108/3,20191218,2019,12,18
24,1235,興泰,5.81,107,358.33,0.62,108/3,20191218,2019,12,18
25,1236,宏亞,2.93,107,85.31,0.91,108/3,20191218,2019,12,18
26,1256,鮮活果汁-KY,3.21,107,14.56,3.86,108/3,20191218,2019,12,18
27,1301,台塑,5.71,107,17.71,1.84,108/3,20191218,2019,12,18
28,1303,南亞,6.89,107,24.78,1.66,108/3,20191218,2019,12,18
29,1304,台聚,2.07,107,17.26,0.83,108/3,20191218,2019,12,18
30,1305,華夏,8.92,107,21.73,1.40,108/3,20191218,2019,12,18
31,1307,三芳,2.11,107,23.06,1.12,108/3,20191218,2019,12,18
32,1308,亞聚,1.86,107,15.63,0.89,108/3,20191218,2019,12,18
33,1309,台達化,3.52,107,27.02,0.90,108/3,20191218,2019,12,18
34,1310,台苯,9.57,107,12.22,1.55,108/3,20191218,2019,12,18
35,1312,國喬,0.00,107,8.50,0.71,108/3,20191218,2019,12,18
36,1313,聯成,4.44,107,0.0,0.73,108/3,20191218,2019,12,18
37,1314,中石化,10.27,107,19.10,0.41,108/3,20191218,2019,12,18
38,1315,達新,2.60,107,12.59,1.09,108/3,20191218,2019,12,18
39,1316,上曜,13.36,107,0.0,1.38,108/3,20191218,2019,12,18
40,1319,東陽,3.62,107,14.16,1.30,108/3,20191218,2019,12,18
41,1321,大洋,0.00,107,245.00,1.61,108/3,20191218,2019,12,18
42,1323,永裕,5.29,107,10.40,1.55,108/3,20191218,2019,12,18
43,1324,地球,3.11,107,0.0,0.75,108/3,20191218,2019,12,18
44,1325,恆大,3.23,107,31.00,0.78,108/3,20191218,2019,12,18
45,1326,台化,7.02,107,17.91,1.46,108/3,20191218,2019,12,18
46,1337,再生-KY,0.00,107,0.0,0.22,108/3,20191218,2019,12,18
47,1338,廣華-KY,5.32,107,14.62,0.87,108/3,20191218,2019,12,18
48,1339,昭輝,3.90,107,10.47,1.10,108/3,20191218,2019,12,18
49,1340,勝悅-KY,7.74,107,0.0,0.39,108/3,20191218,2019,12,18
50,1341,富林-KY,5.02,107,10.97,2.49,108/3,20191218,2019,12,18
51,1402,遠東新,5.97,107,16.75,0.80,108/3,20191218,2019,12,18
52,1409,新纖,6.94,107,9.80,0.67,108/3,20191218,2019,12,18
53,1410,南染,4.04,107,25.72,1.88,108/3,20191218,2019,12,18
54,1413,宏洲,0.00,107,8.59,1.04,108/3,20191218,2019,12,18
55,1414,東和,2.78,107,0.0,0.52,108/3,20191218,2019,12,18
56,1416,廣豐,8.86,107,15.57,0.63,108/3,20191218,2019,12,18
57,1417,嘉裕,0.00,107,0.0,0.82,108/3,20191218,2019,12,18
58,1418,東華,0.00,107,0.0,0.46,108/3,20191218,2019,12,18
59,1419,新紡,1.96,107,35.28,1.51,108/3,20191218,2019,12,18
60,1423,利華,0.00,107,0.0,0.61,108/3,20191218,2019,12,18
61,1432,大魯閣,0.00,107,0.0,0.79,108/3,20191218,2019,12,18
62,1434,福懋,6.10,107,16.97,0.91,108/3,20191218,2019,12,18
63,1435,中福,0.00,107,355.50,1.00,108/3,20191218,2019,12,18
64,1436,華友聯,11.08,107,22.70,1.39,108/3,20191218,2019,12,18
65,1437,勤益控,1.95,107,6.07,0.81,108/3,20191218,2019,12,18
66,1438,裕豐,0.00,107,0.0,2.61,108/3,20191218,2019,12,18
67,1439,中和,0.00,107,3.27,1.06,108/3,20191218,2019,12,18
68,1440,南紡,3.79,107,0.0,0.71,108/3,20191218,2019,12,18
69,1441,大東,43.14,107,0.0,0.65,108/3,20191218,2019,12,18
70,1442,名軒,5.43,107,70.77,1.10,108/3,20191218,2019,12,18
71,1443,立益,0.00,107,0.0,1.11,108/3,20191218,2019,12,18
72,1444,力麗,4.21,107,27.14,0.85,108/3,20191218,2019,12,18
73,1445,大宇,2.86,107,0.0,0.55,108/3,20191218,2019,12,18
74,1446,宏和,0.83,107,0.0,3.23,108/3,20191218,2019,12,18
75,1447,力鵬,2.81,107,0.0,0.61,108/3,20191218,2019,12,18
76,1449,佳和,0.00,107,0.0,2.46,108/3,20191218,2019,12,18
77,1451,年興,9.57,107,38.70,0.57,108/3,20191218,2019,12,18
78,1452,宏益,7.63,107,14.45,0.99,108/3,20191218,2019,12,18
79,1453,大將,12.48,107,0.0,0.60,108/3,20191218,2019,12,18
80,1454,台富,2.58,107,32.33,0.64,108/3,20191218,2019,12,18
81,1455,集盛,2.46,107,0.0,0.67,108/3,20191218,2019,12,18
82,1456,怡華,0.00,107,36.41,0.95,108/3,20191218,2019,12,18
83,1457,宜進,4.91,107,9.90,0.75,108/3,20191218,2019,12,18
84,1459,聯發,0.00,107,0.0,0.76,108/3,20191218,2019,12,18
85,1460,宏遠,2.17,107,0.0,0.86,108/3,20191218,2019,12,18
86,1463,強盛,10.65,107,15.29,0.99,108/3,20191218,2019,12,18
87,1464,得力,5.71,107,21.52,1.86,108/3,20191218,2019,12,18
88,1465,偉全,2.02,107,4.17,0.77,108/3,20191218,2019,12,18
89,1466,聚隆,0.00,107,0.0,0.52,108/3,20191218,2019,12,18
90,1467,南緯,0.00,107,40.81,0.86,108/3,20191218,2019,12,18
91,1468,昶和,0.00,107,37.41,1.47,108/3,20191218,2019,12,18
92,1470,大統新創,1.78,107,24.46,1.99,108/3,20191218,2019,12,18
93,1471,首利,0.00,107,0.0,0.46,108/3,20191218,2019,12,18
94,1472,三洋紡,0.00,107,15.65,2.44,108/3,20191218,2019,12,18
95,1473,台南,2.13,107,18.61,0.88,108/3,20191218,2019,12,18
96,1474,弘裕,3.06,107,40.83,0.70,108/3,20191218,2019,12,18
97,1475,本盟,0.00,107,0.0,3.35,108/3,20191218,2019,12,18
98,1476,儒鴻,2.67,107,25.65,6.60,108/3,20191218,2019,12,18
99,1477,聚陽,4.52,107,18.38,3.92,108/3,20191218,2019,12,18
100,1503,士電,3.26,107,15.32,1.01,108/3,20191218,2019,12,18
101,1504,東元,3.38,107,15.83,0.93,108/3,20191218,2019,12,18
102,1506,正道,0.00,107,0.0,1.98,108/3,20191218,2019,12,18
103,1507,永大,2.87,107,31.35,2.30,108/3,20191218,2019,12,18
104,1512,瑞利,0.00,107,0.0,1.40,108/3,20191218,2019,12,18
105,1513,中興電,4.55,107,14.86,1.22,108/3,20191218,2019,12,18
106,1514,亞力,5.80,107,11.98,1.21,108/3,20191218,2019,12,18
107,1515,力山,2.74,107,9.92,4.11,108/3,20191218,2019,12,18
108,1516,川飛,2.83,107,77.38,1.44,108/3,20191218,2019,12,18
109,1517,利奇,2.75,107,454.50,0.65,108/3,20191218,2019,12,18
110,1519,華城,1.00,107,20.79,2.48,108/3,20191218,2019,12,18
111,1521,大億,5.80,107,13.07,2.68,108/3,20191218,2019,12,18
112,1522,堤維西,4.50,107,12.79,1.37,108/3,20191218,2019,12,18
113,1524,耿鼎,5.00,107,10.64,0.78,108/3,20191218,2019,12,18
114,1525,江申,3.25,107,11.45,1.00,108/3,20191218,2019,12,18
115,1526,日馳,4.11,107,15.41,1.49,108/3,20191218,2019,12,18
116,1527,鑽全,8.02,107,7.46,1.74,108/3,20191218,2019,12,18
117,1528,恩德,2.27,107,0.0,0.72,108/3,20191218,2019,12,18
118,1529,樂士,1.08,107,71.54,1.74,108/3,20191218,2019,12,18
119,1530,亞崴,6.78,107,12.09,0.99,108/3,20191218,2019,12,18
120,1531,高林股,3.29,107,33.04,0.76,108/3,20191218,2019,12,18
121,1532,勤美,8.72,107,13.40,1.01,108/3,20191218,2019,12,18
122,1533,車王電,2.19,107,14.50,1.45,108/3,20191218,2019,12,18
123,1535,中宇,3.14,107,34.31,1.47,108/3,20191218,2019,12,18
124,1536,和大,3.02,107,35.91,4.57,108/3,20191218,2019,12,18
125,1537,廣隆,6.73,107,12.60,3.12,108/3,20191218,2019,12,18
126,1538,正峰新,0.00,107,0.0,1.13,108/3,20191218,2019,12,18
127,1539,巨庭,8.96,107,4.09,0.98,108/3,20191218,2019,12,18
128,1540,喬福,7.73,107,9.11,1.13,108/3,20191218,2019,12,18
129,1541,錩泰,2.76,107,16.76,2.31,108/3,20191218,2019,12,18
130,1558,伸興,8.24,107,11.34,1.72,108/3,20191218,2019,12,18
131,1560,中砂,4.97,107,17.09,2.39,108/3,20191218,2019,12,18
132,1568,倉佑,3.22,107,84.17,1.34,108/3,20191218,2019,12,18
133,1582,信錦,7.24,107,11.85,2.07,108/3,20191218,2019,12,18
134,1583,程泰,5.22,107,14.86,1.43,108/3,20191218,2019,12,18
135,1587,吉茂,2.05,107,21.79,0.82,108/3,20191218,2019,12,18
136,1589,永冠-KY,0.00,107,0.0,0.86,108/3,20191218,2019,12,18
137,1590,亞德客-KY,1.18,107,32.48,4.78,108/3,20191218,2019,12,18
138,1592,英瑞-KY,0.00,107,0.0,0.73,108/3,20191218,2019,12,18
139,1598,岱宇,1.75,107,17.32,2.02,108/3,20191218,2019,12,18
140,1603,華電,1.76,107,27.62,0.91,108/3,20191218,2019,12,18
141,1604,聲寶,6.88,107,10.18,1.14,108/3,20191218,2019,12,18
142,1605,華新,7.89,107,14.62,0.67,108/3,20191218,2019,12,18
143,1608,華榮,0.00,107,43.70,0.67,108/3,20191218,2019,12,18
144,1609,大亞,6.51,107,16.29,0.91,108/3,20191218,2019,12,18
145,1612,宏泰,2.91,107,22.92,0.76,108/3,20191218,2019,12,18
146,1614,三洋電,2.97,107,39.81,1.55,108/3,20191218,2019,12,18
147,1615,大山,7.71,107,10.29,1.16,108/3,20191218,2019,12,18
148,1616,億泰,0.00,107,0.0,0.57,108/3,20191218,2019,12,18
149,1617,榮星,8.26,107,14.40,1.04,108/3,20191218,2019,12,18
150,1618,合機,3.17,107,0.0,0.57,108/3,20191218,2019,12,18
151,1626,艾美特-KY,0.00,107,8.83,1.33,108/3,20191218,2019,12,18
152,1701,中化,4.19,107,15.79,0.98,108/3,20191218,2019,12,18
153,1702,南僑,5.35,107,13.05,2.13,108/3,20191218,2019,12,18
154,1707,葡萄王,3.40,107,20.17,4.52,108/3,20191218,2019,12,18
155,1708,東鹼,3.99,107,20.88,0.89,108/3,20191218,2019,12,18
156,1709,和益,3.85,107,50.00,0.91,108/3,20191218,2019,12,18
157,1710,東聯,8.37,107,95.00,1.34,108/3,20191218,2019,12,18
158,1711,永光,3.16,107,22.90,1.11,108/3,20191218,2019,12,18
159,1712,興農,6.90,107,12.24,1.15,108/3,20191218,2019,12,18
160,1713,國化,3.91,107,34.25,1.21,108/3,20191218,2019,12,18
161,1714,和桐,2.10,107,31.00,0.66,108/3,20191218,2019,12,18
162,1717,長興,3.40,107,15.47,1.55,108/3,20191218,2019,12,18
163,1718,中纖,9.42,107,0.0,0.46,108/3,20191218,2019,12,18
164,1720,生達,4.44,107,16.15,1.65,108/3,20191218,2019,12,18
165,1721,三晃,0.00,107,176.80,0.84,108/3,20191218,2019,12,18
166,1722,台肥,4.49,107,21.95,0.95,108/3,20191218,2019,12,18
167,1723,中碳,4.31,107,19.04,4.17,108/3,20191218,2019,12,18
168,1724,台硝,3.83,107,16.11,0.84,108/3,20191218,2019,12,18
169,1725,元禎,5.69,107,13.17,0.78,108/3,20191218,2019,12,18
170,1726,永記,4.90,107,19.22,1.40,108/3,20191218,2019,12,18
171,1727,中華化,5.13,107,30.79,0.89,108/3,20191218,2019,12,18
172,1730,花仙子,4.91,107,11.44,2.81,108/3,20191218,2019,12,18
173,1731,美吾華,3.79,107,19.70,1.01,108/3,20191218,2019,12,18
174,1732,毛寶,0.00,107,20.78,1.01,108/3,20191218,2019,12,18
175,1733,五鼎,2.98,107,0.0,1.78,108/3,20191218,2019,12,18
176,1734,杏輝,0.52,107,0.0,1.16,108/3,20191218,2019,12,18
177,1735,日勝化,0.85,107,17.35,1.22,108/3,20191218,2019,12,18
178,1736,喬山,0.78,107,22.28,2.92,108/3,20191218,2019,12,18
179,1737,臺鹽,5.57,107,19.23,1.06,108/3,20191218,2019,12,18
180,1760,寶齡富錦,2.05,107,34.34,5.15,108/3,20191218,2019,12,18
181,1762,中化生,3.43,107,35.71,1.38,108/3,20191218,2019,12,18
182,1773,勝一,5.25,107,16.59,3.06,108/3,20191218,2019,12,18
183,1776,展宇,5.25,107,32.45,1.07,108/3,20191218,2019,12,18
184,1783,和康生,2.74,107,28.84,2.04,108/3,20191218,2019,12,18
185,1786,科妍,2.24,107,37.05,3.14,108/3,20191218,2019,12,18
186,1789,神隆,1.84,107,80.91,2.05,108/3,20191218,2019,12,18
187,1795,美時,0.00,107,43.47,3.38,108/3,20191218,2019,12,18
188,1802,台玻,2.54,107,0.0,0.84,108/3,20191218,2019,12,18
189,1805,寶徠,0.00,107,0.0,1.34,108/3,20191218,2019,12,18
190,1806,冠軍,0.00,107,0.0,0.48,108/3,20191218,2019,12,18
191,1808,潤隆,13.72,107,971.67,3.80,108/3,20191218,2019,12,18
192,1809,中釉,1.68,107,0.0,0.65,108/3,20191218,2019,12,18
193,1810,和成,2.45,107,0.0,0.54,108/3,20191218,2019,12,18
194,1817,凱撒衛,6.57,107,12.50,1.52,108/3,20191218,2019,12,18
195,1902,台紙,1.76,107,28.36,1.27,108/3,20191218,2019,12,18
196,1903,士紙,0.00,107,0.0,3.37,108/3,20191218,2019,12,18
197,1904,正隆,5.80,107,11.15,0.92,108/3,20191218,2019,12,18
198,1905,華紙,3.82,107,152.67,0.66,108/3,20191218,2019,12,18
199,1906,寶隆,3.64,107,10.11,0.59,108/3,20191218,2019,12,18
200,1907,永豐餘,4.33,107,11.84,0.60,108/3,20191218,2019,12,18
201,1909,榮成,3.40,107,0.0,0.84,108/3,20191218,2019,12,18
202,2002,中鋼,4.18,107,23.90,1.20,108/3,20191218,2019,12,18
203,2006,東和鋼鐵,5.21,107,19.37,0.97,108/3,20191218,2019,12,18
204,2007,燁興,0.00,107,0.0,0.76,108/3,20191218,2019,12,18
205,2008,高興昌,0.00,107,0.0,1.06,108/3,20191218,2019,12,18
206,2009,第一銅,0.00,107,0.0,0.94,108/3,20191218,2019,12,18
207,2010,春源,5.46,107,39.42,0.66,108/3,20191218,2019,12,18
208,2012,春雨,6.45,107,10.95,1.45,108/3,20191218,2019,12,18
209,2013,中鋼構,1.89,107,45.18,1.15,108/3,20191218,2019,12,18
210,2014,中鴻,0.99,107,14.71,0.98,108/3,20191218,2019,12,18
211,2015,豐興,7.39,107,13.66,1.77,108/3,20191218,2019,12,18
212,2017,官田鋼,5.91,107,0.0,0.59,108/3,20191218,2019,12,18
213,2020,美亞,9.12,107,9.65,1.10,108/3,20191218,2019,12,18
214,2022,聚亨,0.00,107,0.0,0.53,108/3,20191218,2019,12,18
215,2023,燁輝,3.24,107,0.0,0.67,108/3,20191218,2019,12,18
216,2024,志聯,4.92,107,46.92,1.04,108/3,20191218,2019,12,18
217,2025,千興,0.00,107,0.0,0.86,108/3,20191218,2019,12,18
218,2027,大成鋼,9.55,107,11.42,1.39,108/3,20191218,2019,12,18
219,2028,威致,0.00,107,10.19,1.22,108/3,20191218,2019,12,18
220,2029,盛餘,1.25,107,142.50,0.74,108/3,20191218,2019,12,18
221,2030,彰源,8.20,107,12.08,0.88,108/3,20191218,2019,12,18
222,2031,新光鋼,4.82,107,0.0,1.54,108/3,20191218,2019,12,18
223,2032,新鋼,1.42,107,28.66,0.72,108/3,20191218,2019,12,18
224,2033,佳大,2.22,107,0.0,0.76,108/3,20191218,2019,12,18
225,2034,允強,6.91,107,14.23,1.36,108/3,20191218,2019,12,18
226,2038,海光,0.00,107,0.0,0.42,108/3,20191218,2019,12,18
227,2049,上銀,2.61,107,32.15,3.66,108/3,20191218,2019,12,18
228,2059,川湖,2.68,107,19.54,3.24,108/3,20191218,2019,12,18
229,2062,橋椿,1.09,107,61.00,0.83,108/3,20191218,2019,12,18
230,2069,運錩,13.16,107,0.0,0.90,108/3,20191218,2019,12,18
231,2101,南港,0.41,107,38.41,3.63,108/3,20191218,2019,12,18
232,2102,泰豐,0.00,107,0.0,0.81,108/3,20191218,2019,12,18
233,2103,台橡,4.03,107,20.08,1.32,108/3,20191218,2019,12,18
234,2104,國際中橡,9.06,107,15.77,0.98,108/3,20191218,2019,12,18
235,2105,正新,2.60,107,38.76,1.76,108/3,20191218,2019,12,18
236,2106,建大,3.20,107,26.48,1.44,108/3,20191218,2019,12,18
237,2107,厚生,3.62,107,13.93,0.62,108/3,20191218,2019,12,18
238,2108,南帝,6.10,107,9.77,1.79,108/3,20191218,2019,12,18
239,2109,華豐,0.00,107,0.0,1.34,108/3,20191218,2019,12,18
240,2114,鑫永銓,6.61,107,15.18,2.62,108/3,20191218,2019,12,18
241,2115,六暉-KY,3.61,107,14.41,1.58,108/3,20191218,2019,12,18
242,2201,裕隆,3.41,107,0.0,0.45,108/3,20191218,2019,12,18
243,2204,中華,4.35,107,21.25,0.52,108/3,20191218,2019,12,18
244,2206,三陽工業,4.71,107,10.57,1.21,108/3,20191218,2019,12,18
245,2207,和泰車,1.80,107,32.44,6.89,108/3,20191218,2019,12,18
246,2208,台船,0.00,107,0.0,1.72,108/3,20191218,2019,12,18
247,2227,裕日車,6.11,107,13.14,4.38,108/3,20191218,2019,12,18
248,2228,劍麟,4.26,107,15.52,2.37,108/3,20191218,2019,12,18
249,2231,為升,3.38,107,26.00,7.34,108/3,20191218,2019,12,18
250,2233,宇隆,5.65,107,12.60,1.65,108/3,20191218,2019,12,18
251,2236,百達-KY,4.32,107,9.71,0.88,108/3,20191218,2019,12,18
252,2239,英利-KY,4.68,107,16.53,1.07,108/3,20191218,2019,12,18
253,2243,宏旭-KY,0.00,107,0.0,0.65,108/3,20191218,2019,12,18
254,2301,光寶科,5.71,107,12.52,1.68,108/3,20191218,2019,12,18
255,2302,麗正,0.00,107,65.42,0.80,108/3,20191218,2019,12,18
256,2303,聯電,3.51,107,46.67,0.96,108/3,20191218,2019,12,18
257,2305,全友,0.00,107,0.0,0.63,108/3,20191218,2019,12,18
258,2308,台達電,3.33,107,16.18,2.82,108/3,20191218,2019,12,18
259,2312,金寶,2.21,107,24.73,1.16,108/3,20191218,2019,12,18
260,2313,華通,1.74,107,19.49,2.24,108/3,20191218,2019,12,18
261,2314,台揚,0.83,107,0.0,2.06,108/3,20191218,2019,12,18
262,2316,楠梓電,2.72,107,12.07,1.04,108/3,20191218,2019,12,18
263,2317,鴻海,4.33,107,9.84,1.06,108/3,20191218,2019,12,18
264,2321,東訊,0.00,107,0.0,1.14,108/3,20191218,2019,12,18
265,2323,中環,0.00,107,8.84,0.59,108/3,20191218,2019,12,18
266,2324,仁寶,6.32,107,12.50,0.78,108/3,20191218,2019,12,18
267,2327,國巨,11.91,107,15.53,3.54,108/3,20191218,2019,12,18
268,2328,廣宇,4.65,107,10.06,1.14,108/3,20191218,2019,12,18
269,2329,華泰,0.00,107,13.67,1.36,108/3,20191218,2019,12,18
270,2330,台積電,2.32,107,27.13,5.63,108/3,20191218,2019,12,18
271,2331,精英,0.00,107,272.00,0.69,108/3,20191218,2019,12,18
272,2332,友訊,1.55,107,0.0,0.97,108/3,20191218,2019,12,18
273,2337,旺宏,3.27,107,13.17,2.14,108/3,20191218,2019,12,18
274,2338,光罩,2.27,107,25.35,2.64,108/3,20191218,2019,12,18
275,2340,光磊,1.84,107,16.36,1.45,108/3,20191218,2019,12,18
276,2342,茂矽,1.30,107,0.0,1.60,108/3,20191218,2019,12,18
277,2344,華邦電,5.14,107,32.97,1.29,108/3,20191218,2019,12,18
278,2345,智邦,2.42,107,19.70,7.77,108/3,20191218,2019,12,18
279,2347,聯強,5.24,107,10.23,1.30,108/3,20191218,2019,12,18
280,2348,海悅,6.95,107,10.52,3.18,108/3,20191218,2019,12,18
281,2349,錸德,0.00,107,0.0,1.05,108/3,20191218,2019,12,18
282,2351,順德,4.24,107,18.75,2.14,108/3,20191218,2019,12,18
283,2352,佳世達,4.05,107,10.40,1.22,108/3,20191218,2019,12,18
284,2353,宏,4.16,107,19.68,0.96,108/3,20191218,2019,12,18
285,2354,鴻準,4.63,107,10.78,0.97,108/3,20191218,2019,12,18
286,2355,敬鵬,1.62,107,19.13,0.78,108/3,20191218,2019,12,18
287,2356,英業達,6.45,107,15.00,1.53,108/3,20191218,2019,12,18
288,2357,華碩,6.28,107,26.59,1.06,108/3,20191218,2019,12,18
289,2358,廷鑫,0.00,107,53.87,1.26,108/3,20191218,2019,12,18
290,2359,所羅門,5.19,107,9.30,0.80,108/3,20191218,2019,12,18
291,2360,致茂,3.00,107,33.70,4.14,108/3,20191218,2019,12,18
292,2362,藍天,2.61,107,18.39,0.57,108/3,20191218,2019,12,18
293,2363,矽統,0.00,107,0.0,0.66,108/3,20191218,2019,12,18
294,2364,倫飛,0.00,107,0.0,1.51,108/3,20191218,2019,12,18
295,2365,昆盈,2.50,107,99.88,0.64,108/3,20191218,2019,12,18
296,2367,燿華,1.26,107,11.85,1.80,108/3,20191218,2019,12,18
297,2368,金像電,0.00,107,0.0,1.24,108/3,20191218,2019,12,18
298,2369,菱生,2.17,107,0.0,0.66,108/3,20191218,2019,12,18
299,2371,大同,0.00,107,0.0,1.42,108/3,20191218,2019,12,18
300,2373,震旦行,6.60,107,14.41,2.90,108/3,20191218,2019,12,18
301,2374,佳能,2.97,107,0.0,0.70,108/3,20191218,2019,12,18
302,2375,凱美,7.44,107,34.15,1.08,108/3,20191218,2019,12,18
303,2376,技嘉,5.69,107,19.81,1.42,108/3,20191218,2019,12,18
304,2377,微星,5.71,107,14.93,2.48,108/3,20191218,2019,12,18
305,2379,瑞昱,2.82,107,20.18,4.73,108/3,20191218,2019,12,18
306,2380,虹光,0.00,107,0.0,0.47,108/3,20191218,2019,12,18
307,2382,廣達,5.64,107,15.57,1.85,108/3,20191218,2019,12,18
308,2383,台光電,3.06,107,15.66,3.17,108/3,20191218,2019,12,18
309,2385,群光,4.20,107,11.41,2.40,108/3,20191218,2019,12,18
310,2387,精元,2.33,107,55.58,1.31,108/3,20191218,2019,12,18
311,2388,威盛,0.00,107,333.00,4.55,108/3,20191218,2019,12,18
312,2390,云辰,0.00,107,0.0,1.10,108/3,20191218,2019,12,18
313,2392,正崴,3.46,107,9.33,0.96,108/3,20191218,2019,12,18
314,2393,億光,4.25,107,21.14,0.94,108/3,20191218,2019,12,18
315,2395,研華,2.25,107,29.01,6.93,108/3,20191218,2019,12,18
316,2397,友通,6.28,107,14.99,3.06,108/3,20191218,2019,12,18
317,2399,映泰,0.00,107,0.0,1.06,108/3,20191218,2019,12,18
318,2401,凌陽,2.73,107,0.0,0.94,108/3,20191218,2019,12,18
319,2402,毅嘉,2.99,107,20.37,0.87,108/3,20191218,2019,12,18
320,2404,漢唐,5.48,107,12.55,4.53,108/3,20191218,2019,12,18
321,2405,浩鑫,0.00,107,0.0,1.25,108/3,20191218,2019,12,18
322,2406,國碩,0.00,107,0.0,1.09,108/3,20191218,2019,12,18
323,2408,南亞科,8.46,107,15.56,1.69,108/3,20191218,2019,12,18
324,2409,友達,4.85,107,0.0,0.53,108/3,20191218,2019,12,18
325,2412,中華電,4.05,107,25.64,2.34,108/3,20191218,2019,12,18
326,2413,環科,0.00,107,0.0,1.25,108/3,20191218,2019,12,18
327,2414,精技,6.30,107,13.22,1.43,108/3,20191218,2019,12,18
328,2415,錩新,7.89,107,31.67,1.01,108/3,20191218,2019,12,18
329,2417,圓剛,0.97,107,147.86,0.72,108/3,20191218,2019,12,18
330,2419,仲琦,2.90,107,25.60,1.89,108/3,20191218,2019,12,18
331,2420,新巨,7.71,107,10.68,1.86,108/3,20191218,2019,12,18
332,2421,建準,4.51,107,18.40,2.74,108/3,20191218,2019,12,18
333,2423,固緯,6.65,107,11.92,1.73,108/3,20191218,2019,12,18
334,2424,隴華,0.00,107,0.0,3.05,108/3,20191218,2019,12,18
335,2425,承啟,4.81,107,23.28,1.87,108/3,20191218,2019,12,18
336,2426,鼎元,8.00,107,125.00,1.27,108/3,20191218,2019,12,18
337,2427,三商電,3.76,107,14.20,0.91,108/3,20191218,2019,12,18
338,2428,興勤,4.15,107,11.06,1.90,108/3,20191218,2019,12,18
339,2429,銘旺科,0.00,107,0.0,2.91,108/3,20191218,2019,12,18
340,2430,燦坤,5.42,107,16.77,0.60,108/3,20191218,2019,12,18
341,2431,聯昌,0.00,107,0.0,0.96,108/3,20191218,2019,12,18
342,2433,互盛電,6.35,107,13.06,1.89,108/3,20191218,2019,12,18
343,2434,統懋,0.00,107,0.0,2.07,108/3,20191218,2019,12,18
344,2436,偉詮電,3.70,107,26.73,1.67,108/3,20191218,2019,12,18
345,2438,翔耀,0.00,107,0.0,1.51,108/3,20191218,2019,12,18
346,2439,美律,5.11,107,10.41,2.85,108/3,20191218,2019,12,18
347,2440,太空梭,0.00,107,0.0,1.25,108/3,20191218,2019,12,18
348,2441,超豐,5.63,107,14.77,1.69,108/3,20191218,2019,12,18
349,2442,新美齊,13.54,107,3.46,0.87,108/3,20191218,2019,12,18
350,2443,新利虹,0.00,107,0.0,0.63,108/3,20191218,2019,12,18
351,2444,兆勁,0.00,107,0.0,2.28,108/3,20191218,2019,12,18
352,2448,晶電,0.94,107,0.0,0.74,108/3,20191218,2019,12,18
353,2449,京元電子,3.47,107,19.33,1.89,108/3,20191218,2019,12,18
354,2450,神腦,4.61,107,18.72,1.42,108/3,20191218,2019,12,18
355,2451,創見,6.44,107,19.43,1.75,108/3,20191218,2019,12,18
356,2453,凌群,2.94,107,15.45,0.96,108/3,20191218,2019,12,18
357,2454,聯發科,1.97,107,35.22,2.32,108/3,20191218,2019,12,18
358,2455,全新,2.22,107,44.64,7.69,108/3,20191218,2019,12,18
359,2456,奇力新,7.54,107,18.69,1.11,108/3,20191218,2019,12,18
360,2457,飛宏,0.00,107,0.0,0.67,108/3,20191218,2019,12,18
361,2458,義隆,5.44,107,13.70,3.99,108/3,20191218,2019,12,18
362,2459,敦吉,7.11,107,10.71,1.04,108/3,20191218,2019,12,18
363,2460,建通,0.00,107,0.0,0.69,108/3,20191218,2019,12,18
364,2461,光群雷,2.13,107,50.66,1.12,108/3,20191218,2019,12,18
365,2462,良得電,1.72,107,20.94,1.62,108/3,20191218,2019,12,18
366,2464,盟立,8.26,107,9.14,1.93,108/3,20191218,2019,12,18
367,2465,麗臺,0.00,107,0.0,1.92,108/3,20191218,2019,12,18
368,2466,冠西電,0.00,107,193.06,3.15,108/3,20191218,2019,12,18
369,2467,志聖,9.26,107,9.47,1.60,108/3,20191218,2019,12,18
370,2468,華經,3.92,107,20.24,0.79,108/3,20191218,2019,12,18
371,2471,資通,6.43,107,12.69,1.23,108/3,20191218,2019,12,18
372,2472,立隆電,5.34,107,12.74,1.68,108/3,20191218,2019,12,18
373,2474,可成,4.85,107,12.93,1.28,108/3,20191218,2019,12,18
374,2476,鉅祥,5.27,107,12.32,0.96,108/3,20191218,2019,12,18
375,2477,美隆電,3.12,107,17.14,1.73,108/3,20191218,2019,12,18
376,2478,大毅,5.45,107,10.89,1.26,108/3,20191218,2019,12,18
377,2480,敦陽科,6.39,107,12.80,2.11,108/3,20191218,2019,12,18
378,2481,強茂,1.88,107,16.35,1.42,108/3,20191218,2019,12,18
379,2482,連宇,0.00,107,21.05,0.97,108/3,20191218,2019,12,18
380,2483,百容,6.23,107,12.25,0.95,108/3,20191218,2019,12,18
381,2484,希華,6.84,107,17.38,1.15,108/3,20191218,2019,12,18
382,2485,兆赫,2.36,107,47.00,1.00,108/3,20191218,2019,12,18
383,2486,一詮,0.00,107,0.0,0.55,108/3,20191218,2019,12,18
384,2488,漢平,7.42,107,9.16,1.32,108/3,20191218,2019,12,18
385,2489,瑞軒,0.00,107,32.88,0.73,108/3,20191218,2019,12,18
386,2491,吉祥全,0.00,107,0.0,1.40,108/3,20191218,2019,12,18
387,2492,華新科,8.90,107,8.58,2.75,108/3,20191218,2019,12,18
388,2493,揚博,9.01,107,10.88,1.37,108/3,20191218,2019,12,18
389,2495,普安,2.89,107,12.71,0.91,108/3,20191218,2019,12,18
390,2496,卓越,6.20,107,11.24,1.45,108/3,20191218,2019,12,18
391,2497,怡利電,0.00,107,0.0,1.88,108/3,20191218,2019,12,18
392,2498,宏達電,1.00,107,0.0,0.83,108/3,20191218,2019,12,18
393,2499,東貝,0.00,107,0.0,0.71,108/3,20191218,2019,12,18
394,2501,國建,9.98,107,17.69,1.07,108/3,20191218,2019,12,18
395,2504,國產,1.80,107,28.37,0.97,108/3,20191218,2019,12,18
396,2505,國揚,2.85,107,117.00,1.51,108/3,20191218,2019,12,18
397,2506,太設,1.41,107,18.92,0.59,108/3,20191218,2019,12,18
398,2509,全坤建,6.02,107,3.37,1.08,108/3,20191218,2019,12,18
399,2511,太子,5.73,107,13.84,0.78,108/3,20191218,2019,12,18
400,2514,龍邦,1.54,107,26.13,0.84,108/3,20191218,2019,12,18
401,2515,中工,2.52,107,61.00,0.61,108/3,20191218,2019,12,18
402,2516,新建,0.00,107,30.10,0.55,108/3,20191218,2019,12,18
403,2520,冠德,3.13,107,10.36,1.33,108/3,20191218,2019,12,18
404,2524,京城,0.00,107,9.81,0.93,108/3,20191218,2019,12,18
405,2527,宏璟,5.21,107,6.30,0.81,108/3,20191218,2019,12,18
406,2528,皇普,0.00,107,0.0,1.88,108/3,20191218,2019,12,18
407,2530,華建,1.85,107,0.0,1.40,108/3,20191218,2019,12,18
408,2534,宏盛,0.00,107,14.06,1.24,108/3,20191218,2019,12,18
409,2535,達欣工,7.73,107,10.58,0.89,108/3,20191218,2019,12,18
410,2536,宏普,4.17,107,14.04,0.68,108/3,20191218,2019,12,18
411,2537,聯上發,0.00,107,0.0,0.70,108/3,20191218,2019,12,18
412,2538,基泰,4.60,107,118.64,0.81,108/3,20191218,2019,12,18
413,2539,櫻花建,4.71,107,16.81,2.22,108/3,20191218,2019,12,18
414,2540,愛山林,0.00,107,47.14,0.79,108/3,20191218,2019,12,18
415,2542,興富發,7.61,107,12.43,1.68,108/3,20191218,2019,12,18
416,2543,皇昌,0.00,107,0.0,0.91,108/3,20191218,2019,12,18
417,2545,皇翔,4.74,107,30.16,1.26,108/3,20191218,2019,12,18
418,2546,根基,8.06,107,8.71,1.49,108/3,20191218,2019,12,18
419,2547,日勝生,8.66,107,165.00,0.90,108/3,20191218,2019,12,18
420,2548,華固,5.27,107,7.84,1.58,108/3,20191218,2019,12,18
421,2597,潤弘,7.89,107,13.98,2.33,108/3,20191218,2019,12,18
422,2601,益航,0.89,107,5.80,0.76,108/3,20191218,2019,12,18
423,2603,長榮,0.00,107,55.00,0.85,108/3,20191218,2019,12,18
424,2605,新興,2.99,107,0.0,0.62,108/3,20191218,2019,12,18
425,2606,裕民,5.33,107,23.97,1.05,108/3,20191218,2019,12,18
426,2607,榮運,2.43,107,18.70,0.67,108/3,20191218,2019,12,18
427,2608,嘉里大榮,3.98,107,13.47,2.00,108/3,20191218,2019,12,18
428,2609,陽明,0.00,107,0.0,1.19,108/3,20191218,2019,12,18
429,2610,華航,2.31,107,302.67,0.87,108/3,20191218,2019,12,18
430,2611,志信,5.83,107,14.35,0.48,108/3,20191218,2019,12,18
431,2612,中航,5.26,107,13.88,0.58,108/3,20191218,2019,12,18
432,2613,中櫃,1.97,107,109.23,0.65,108/3,20191218,2019,12,18
433,2614,東森,9.48,107,0.0,0.97,108/3,20191218,2019,12,18
434,2615,萬海,3.30,107,15.42,1.14,108/3,20191218,2019,12,18
435,2616,山隆,5.36,107,14.70,1.03,108/3,20191218,2019,12,18
436,2617,台航,7.20,107,12.28,0.72,108/3,20191218,2019,12,18
437,2618,長榮航,5.78,107,17.76,0.99,108/3,20191218,2019,12,18
438,2630,亞航,5.22,107,27.75,1.44,108/3,20191218,2019,12,18
439,2633,台灣高鐵,3.09,107,25.03,2.95,108/3,20191218,2019,12,18
440,2634,漢翔,4.17,107,15.58,2.11,108/3,20191218,2019,12,18
441,2636,台驊投控,9.19,107,9.82,1.15,108/3,20191218,2019,12,18
442,2637,慧洋-KY,5.08,107,7.81,0.66,108/3,20191218,2019,12,18
443,2642,宅配通,1.99,107,19.55,1.71,108/3,20191218,2019,12,18
444,2701,萬企,2.97,107,14.46,0.79,108/3,20191218,2019,12,18
445,2702,華園,4.69,107,31.32,1.74,108/3,20191218,2019,12,18
446,2704,國賓,1.32,107,30.87,1.06,108/3,20191218,2019,12,18
447,2705,六福,0.00,107,0.0,1.74,108/3,20191218,2019,12,18
448,2706,第一店,2.84,107,13.90,0.85,108/3,20191218,2019,12,18
449,2707,晶華,6.46,107,15.82,7.14,108/3,20191218,2019,12,18
450,2712,遠雄來,0.00,107,0.0,4.44,108/3,20191218,2019,12,18
451,2722,夏都,0.81,107,46.51,1.61,108/3,20191218,2019,12,18
452,2723,美食-KY,4.12,107,20.59,2.15,108/3,20191218,2019,12,18
453,2727,王品,5.49,107,17.54,1.80,108/3,20191218,2019,12,18
454,2731,雄獅,4.88,107,35.69,2.70,108/3,20191218,2019,12,18
455,2739,寒舍,3.99,107,25.56,1.60,108/3,20191218,2019,12,18
456,2748,雲品,5.45,107,15.44,2.76,108/3,20191218,2019,12,18
457,2801,彰銀,3.67,107,19.57,1.43,108/3,20191218,2019,12,18
458,2809,京城銀,4.52,107,30.14,0.96,108/3,20191218,2019,12,18
459,2812,台中銀,6.69,107,10.67,0.88,108/3,20191218,2019,12,18
460,2816,旺旺保,4.13,107,6.47,0.87,108/3,20191218,2019,12,18
461,2820,華票,5.28,107,16.25,0.85,108/3,20191218,2019,12,18
462,2823,中壽,0.00,107,9.19,0.85,108/3,20191218,2019,12,18
463,2832,台產,4.28,107,12.60,0.85,108/3,20191218,2019,12,18
464,2834,臺企銀,6.35,107,12.73,0.95,108/3,20191218,2019,12,18
465,2836,高雄銀,2.76,107,15.54,0.69,108/3,20191218,2019,12,18
466,2838,聯邦銀,6.28,107,11.38,0.63,108/3,20191218,2019,12,18
467,2841,台開,0.00,107,14.82,0.35,108/3,20191218,2019,12,18
468,2845,遠東銀,6.00,107,10.53,0.86,108/3,20191218,2019,12,18
469,2849,安泰銀,6.41,107,11.91,0.85,108/3,20191218,2019,12,18
470,2850,新產,6.82,107,8.35,1.12,108/3,20191218,2019,12,18
471,2851,中再保,4.55,107,9.57,0.99,108/3,20191218,2019,12,18
472,2852,第一保,3.41,107,11.67,0.66,108/3,20191218,2019,12,18
473,2855,統一證,4.83,107,11.98,0.75,108/3,20191218,2019,12,18
474,2867,三商壽,0.00,107,10.04,0.78,108/3,20191218,2019,12,18
475,2880,華南金,4.91,107,17.08,1.46,108/3,20191218,2019,12,18
476,2881,富邦金,4.28,107,10.53,0.92,108/3,20191218,2019,12,18
477,2882,國泰金,3.49,107,12.57,0.84,108/3,20191218,2019,12,18
478,2883,開發金,3.03,107,14.35,0.78,108/3,20191218,2019,12,18
479,2884,玉山金,5.10,107,16.58,1.92,108/3,20191218,2019,12,18
480,2885,元大金,4.47,107,12.29,1.02,108/3,20191218,2019,12,18
481,2886,兆豐金,5.55,107,14.95,1.31,108/3,20191218,2019,12,18
482,2887,台新金,4.95,107,12.23,0.95,108/3,20191218,2019,12,18
483,2888,新光金,1.89,107,13.42,0.70,108/3,20191218,2019,12,18
484,2889,國票金,5.00,107,12.09,0.89,108/3,20191218,2019,12,18
485,2890,永豐金,4.87,107,13.42,1.02,108/3,20191218,2019,12,18
486,2891,中信金,4.44,107,10.47,1.19,108/3,20191218,2019,12,18
487,2892,第一金,4.60,107,16.15,1.38,108/3,20191218,2019,12,18
488,2897,王道銀行,0.00,107,16.60,0.63,108/3,20191218,2019,12,18
489,2901,欣欣,1.65,107,59.13,2.00,108/3,20191218,2019,12,18
490,2903,遠百,3.35,107,21.34,1.21,108/3,20191218,2019,12,18
491,2904,匯僑,6.36,107,12.50,1.70,108/3,20191218,2019,12,18
492,2905,三商,2.29,107,6.99,1.05,108/3,20191218,2019,12,18
493,2906,高林,3.49,107,39.48,0.82,108/3,20191218,2019,12,18
494,2908,特力,6.27,107,0.0,1.65,108/3,20191218,2019,12,18
495,2910,統領,0.00,107,67.02,2.62,108/3,20191218,2019,12,18
496,2911,麗嬰房,0.00,107,0.0,0.55,108/3,20191218,2019,12,18
497,2912,統一超,2.88,107,30.16,9.15,108/3,20191218,2019,12,18
498,2913,農林,1.82,107,0.0,0.82,108/3,20191218,2019,12,18
499,2915,潤泰全,7.47,107,3.82,0.53,108/3,20191218,2019,12,18
500,2923,鼎固-KY,2.71,107,4.58,0.83,108/3,20191218,2019,12,18
501,2929,淘帝-KY,5.13,107,6.56,1.40,108/3,20191218,2019,12,18
502,2936,客思達-KY,0.00,107,2025.00,0.57,108/3,20191218,2019,12,18
503,2939,凱羿-KY,9.09,107,16.10,3.36,108/3,20191218,2019,12,18
504,3002,歐格,0.00,107,24.26,0.90,108/3,20191218,2019,12,18
505,3003,健和興,3.63,107,16.28,1.72,108/3,20191218,2019,12,18
506,3004,豐達科,2.81,107,12.95,2.54,108/3,20191218,2019,12,18
507,3005,神基,6.38,107,13.48,1.89,108/3,20191218,2019,12,18
508,3006,晶豪科,4.06,107,31.85,1.39,108/3,20191218,2019,12,18
509,3008,大立光,1.35,107,25.37,5.70,108/3,20191218,2019,12,18
510,3010,華立,5.56,107,9.10,1.19,108/3,20191218,2019,12,18
511,3011,今皓,0.00,107,0.0,0.66,108/3,20191218,2019,12,18
512,3013,晟銘電,2.06,107,22.05,1.03,108/3,20191218,2019,12,18
513,3014,聯陽,5.94,107,15.15,1.89,108/3,20191218,2019,12,18
514,3015,全漢,5.87,107,76.07,0.49,108/3,20191218,2019,12,18
515,3016,嘉晶,1.83,107,123.86,3.92,108/3,20191218,2019,12,18
516,3017,奇鋐,2.49,107,16.34,1.61,108/3,20191218,2019,12,18
517,3018,同開,0.00,107,0.0,2.27,108/3,20191218,2019,12,18
518,3019,亞光,2.66,107,20.50,2.01,108/3,20191218,2019,12,18
519,3021,鴻名,4.79,107,11.18,1.22,108/3,20191218,2019,12,18
520,3022,威強電,2.78,107,10.36,1.38,108/3,20191218,2019,12,18
521,3023,信邦,3.58,107,17.34,3.93,108/3,20191218,2019,12,18
522,3024,憶聲,3.56,107,13.82,0.94,108/3,20191218,2019,12,18
523,3025,星通,0.00,107,34.52,1.96,108/3,20191218,2019,12,18
524,3026,禾伸堂,9.13,107,15.05,1.71,108/3,20191218,2019,12,18
525,3027,盛達,0.00,107,3.88,0.53,108/3,20191218,2019,12,18
526,3028,增你強,8.10,107,15.79,1.01,108/3,20191218,2019,12,18
527,3029,零壹,4.96,107,12.30,1.65,108/3,20191218,2019,12,18
528,3030,德律,7.13,107,13.04,2.36,108/3,20191218,2019,12,18
529,3031,佰鴻,3.06,107,14.17,1.09,108/3,20191218,2019,12,18
530,3032,偉訓,7.99,107,10.95,1.44,108/3,20191218,2019,12,18
531,3033,威健,9.08,107,22.88,1.14,108/3,20191218,2019,12,18
532,3034,聯詠,3.84,107,17.04,4.47,108/3,20191218,2019,12,18
533,3035,智原,1.42,107,36.97,2.80,108/3,20191218,2019,12,18
534,3036,文曄,5.72,107,10.05,1.03,108/3,20191218,2019,12,18
535,3037,欣興,1.79,107,22.29,1.52,108/3,20191218,2019,12,18
536,3038,全台,2.80,107,10.75,1.42,108/3,20191218,2019,12,18
537,3040,遠見,7.04,107,20.43,1.34,108/3,20191218,2019,12,18
538,3041,揚智,0.00,107,0.0,1.05,108/3,20191218,2019,12,18
539,3042,晶技,4.23,107,22.52,1.72,108/3,20191218,2019,12,18
540,3043,科風,0.00,107,3.44,2.04,108/3,20191218,2019,12,18
541,3044,健鼎,4.65,107,11.43,2.03,108/3,20191218,2019,12,18
542,3045,台灣大,4.89,107,25.17,5.01,108/3,20191218,2019,12,18
543,3046,建,1.79,107,72.83,1.61,108/3,20191218,2019,12,18
544,3047,訊舟,0.00,107,19.05,1.00,108/3,20191218,2019,12,18
545,3048,益登,3.74,107,11.54,1.20,108/3,20191218,2019,12,18
546,3049,和鑫,0.00,107,14.68,1.23,108/3,20191218,2019,12,18
547,3050,鈺德,2.56,107,13.15,0.74,108/3,20191218,2019,12,18
548,3051,力特,0.00,107,0.0,0.83,108/3,20191218,2019,12,18
549,3052,夆典,0.00,107,0.0,0.89,108/3,20191218,2019,12,18
550,3054,立萬利,0.00,107,124.29,2.24,108/3,20191218,2019,12,18
551,3055,蔚華科,3.53,107,354.38,1.16,108/3,20191218,2019,12,18
552,3056,總太,4.79,107,16.92,1.38,108/3,20191218,2019,12,18
553,3057,喬鼎,0.00,107,0.0,1.23,108/3,20191218,2019,12,18
554,3058,立德,2.79,107,0.0,0.55,108/3,20191218,2019,12,18
555,3059,華晶科,2.02,107,65.00,0.77,108/3,20191218,2019,12,18
556,3060,銘異,0.00,107,0.0,0.59,108/3,20191218,2019,12,18
557,3062,建漢,2.18,107,67.96,1.10,108/3,20191218,2019,12,18
558,3090,日電貿,13.00,107,12.38,2.20,108/3,20191218,2019,12,18
559,3094,聯傑,4.53,107,47.70,1.33,108/3,20191218,2019,12,18
560,3130,一零四,5.22,107,19.64,3.78,108/3,20191218,2019,12,18
561,3149,正達,0.00,107,0.0,1.27,108/3,20191218,2019,12,18
562,3164,景岳,5.94,107,26.03,1.61,108/3,20191218,2019,12,18
563,3167,大量,8.33,107,16.41,1.91,108/3,20191218,2019,12,18
564,3189,景碩,2.76,107,0.0,0.98,108/3,20191218,2019,12,18
565,3209,全科,5.77,107,14.25,1.33,108/3,20191218,2019,12,18
566,3229,晟鈦,0.00,107,0.0,1.86,108/3,20191218,2019,12,18
567,3231,緯創,4.99,107,13.95,1.18,108/3,20191218,2019,12,18
568,3257,虹冠電,6.77,107,57.94,2.77,108/3,20191218,2019,12,18
569,3266,昇陽,3.13,107,37.09,1.08,108/3,20191218,2019,12,18
570,3296,勝德,6.67,107,15.15,0.97,108/3,20191218,2019,12,18
571,3305,昇貿,4.24,107,15.78,0.80,108/3,20191218,2019,12,18
572,3308,聯德,0.00,107,0.0,0.69,108/3,20191218,2019,12,18
573,3311,閎暉,0.00,107,0.0,0.61,108/3,20191218,2019,12,18
574,3312,弘憶股,8.00,107,13.10,1.37,108/3,20191218,2019,12,18
575,3321,同泰,0.00,107,0.0,2.43,108/3,20191218,2019,12,18
576,3338,泰碩,1.28,107,29.87,5.42,108/3,20191218,2019,12,18
577,3346,麗清,4.89,107,34.11,1.56,108/3,20191218,2019,12,18
578,3356,奇偶,0.00,107,44.41,1.65,108/3,20191218,2019,12,18
579,3376,新日興,3.20,107,17.10,1.73,108/3,20191218,2019,12,18
580,3380,明泰,4.24,107,44.53,1.29,108/3,20191218,2019,12,18
581,3383,新世紀,0.00,107,0.0,0.58,108/3,20191218,2019,12,18
582,3406,玉晶光,0.65,107,29.85,6.03,108/3,20191218,2019,12,18
583,3413,京鼎,3.55,107,27.79,4.07,108/3,20191218,2019,12,18
584,3416,融程電,4.68,107,15.63,1.90,108/3,20191218,2019,12,18
585,3419,譁裕,0.00,107,0.0,1.45,108/3,20191218,2019,12,18
586,3432,台端,3.79,107,12.11,0.57,108/3,20191218,2019,12,18
587,3437,榮創,0.00,107,0.0,0.98,108/3,20191218,2019,12,18
588,3443,創意,2.07,107,51.05,8.00,108/3,20191218,2019,12,18
589,3450,聯鈞,5.57,107,26.95,2.10,108/3,20191218,2019,12,18
590,3454,晶睿,2.69,107,23.40,2.81,108/3,20191218,2019,12,18
591,3481,群創,0.68,107,0.0,0.36,108/3,20191218,2019,12,18
592,3494,誠研,0.00,107,0.0,0.56,108/3,20191218,2019,12,18
593,3501,維熹,7.04,107,10.30,1.01,108/3,20191218,2019,12,18
594,3504,揚明光,0.61,107,159.61,2.65,108/3,20191218,2019,12,18
595,3515,華擎,5.17,107,18.58,1.52,108/3,20191218,2019,12,18
596,3518,柏騰,0.00,107,0.0,1.46,108/3,20191218,2019,12,18
597,3528,安馳,6.56,107,14.77,1.78,108/3,20191218,2019,12,18
598,3530,晶相光,1.95,107,45.76,3.85,108/3,20191218,2019,12,18
599,3532,台勝科,7.83,107,13.51,2.20,108/3,20191218,2019,12,18
600,3533,嘉澤,2.70,107,17.03,2.97,108/3,20191218,2019,12,18
601,3535,晶彩科,0.00,107,7.73,1.64,108/3,20191218,2019,12,18
602,3536,誠創,0.00,107,0.0,0.71,108/3,20191218,2019,12,18
603,3545,敦泰,2.10,107,0.0,0.91,108/3,20191218,2019,12,18
604,3550,聯穎,6.97,107,28.70,0.66,108/3,20191218,2019,12,18
605,3557,嘉威,0.00,107,67.86,4.16,108/3,20191218,2019,12,18
606,3563,牧德,8.48,107,12.23,7.43,108/3,20191218,2019,12,18
607,3576,聯合再生,0.00,107,0.0,0.80,108/3,20191218,2019,12,18
608,3583,辛耘,3.66,107,11.98,2.12,108/3,20191218,2019,12,18
609,3588,通嘉,2.28,107,94.00,1.19,108/3,20191218,2019,12,18
610,3591,艾笛森,2.23,107,0.0,0.59,108/3,20191218,2019,12,18
611,3593,力銘,0.00,107,0.0,1.25,108/3,20191218,2019,12,18
612,3596,智易,3.74,107,14.51,1.90,108/3,20191218,2019,12,18
613,3605,宏致,2.41,107,11.32,0.84,108/3,20191218,2019,12,18
614,3607,谷崧,2.94,107,0.0,0.57,108/3,20191218,2019,12,18
615,3617,碩天,4.67,107,13.98,2.01,108/3,20191218,2019,12,18
616,3622,洋華,2.33,107,34.05,0.71,108/3,20191218,2019,12,18
617,3645,達邁,4.03,107,35.68,2.64,108/3,20191218,2019,12,18
618,3653,健策,1.76,107,34.81,4.25,108/3,20191218,2019,12,18
619,3661,世芯-KY,0.67,107,62.33,4.28,108/3,20191218,2019,12,18
620,3665,貿聯-KY,3.51,107,14.04,2.70,108/3,20191218,2019,12,18
621,3669,圓展,2.38,107,34.29,0.65,108/3,20191218,2019,12,18
622,3673,TPK-KY,0.00,107,46.26,0.62,108/3,20191218,2019,12,18
623,3679,新至陞,4.51,107,12.62,1.06,108/3,20191218,2019,12,18
624,3682,亞太電,0.00,107,0.0,1.27,108/3,20191218,2019,12,18
625,3686,達能,0.00,107,0.0,0.44,108/3,20191218,2019,12,18
626,3694,海華,0.00,107,0.0,1.70,108/3,20191218,2019,12,18
627,3698,隆達,1.11,107,0.0,0.83,108/3,20191218,2019,12,18
628,3701,大眾控,0.00,107,18.67,1.30,108/3,20191218,2019,12,18
629,3702,大聯大,6.91,107,11.62,1.13,108/3,20191218,2019,12,18
630,3703,欣陸,7.00,107,24.25,0.46,108/3,20191218,2019,12,18
631,3704,合勤控,0.00,107,36.52,1.19,108/3,20191218,2019,12,18
632,3705,永信,5.13,107,16.82,1.89,108/3,20191218,2019,12,18
633,3706,神達,10.27,107,12.17,0.79,108/3,20191218,2019,12,18
634,3708,上緯投控,6.11,107,9.74,1.57,108/3,20191218,2019,12,18
635,3711,日月光投控,2.93,107,22.83,1.80,108/3,20191218,2019,12,18
636,3712,永崴投控,12.05,107,0.0,0.78,108/3,20191218,2019,12,18
637,4104,佳醫,5.59,107,13.46,1.00,108/3,20191218,2019,12,18
638,4106,雃博,2.69,107,23.50,1.22,108/3,20191218,2019,12,18
639,4108,懷特,0.00,107,0.0,2.17,108/3,20191218,2019,12,18
640,4119,旭富,3.93,107,14.36,2.51,108/3,20191218,2019,12,18
641,4133,亞諾法,2.33,107,95.56,1.31,108/3,20191218,2019,12,18
642,4137,麗豐-KY,5.08,107,13.65,4.61,108/3,20191218,2019,12,18
643,4141,龍燈-KY,0.00,107,0.0,0.46,108/3,20191218,2019,12,18
644,4142,國光生,0.00,107,0.0,2.39,108/3,20191218,2019,12,18
645,4144,康聯-KY,1.84,107,26.96,0.92,108/3,20191218,2019,12,18
646,4148,全宇生技-KY,5.88,107,41.63,1.27,108/3,20191218,2019,12,18
647,4155,訊映,6.78,107,18.44,2.10,108/3,20191218,2019,12,18
648,4164,承業醫,4.39,107,14.27,1.13,108/3,20191218,2019,12,18
649,4190,佐登-KY,3.80,107,15.95,3.86,108/3,20191218,2019,12,18
650,4306,炎洲,3.87,107,29.42,0.75,108/3,20191218,2019,12,18
651,4414,如興,0.00,107,0.0,0.82,108/3,20191218,2019,12,18
652,4426,利勤,2.47,107,19.68,2.36,108/3,20191218,2019,12,18
653,4438,廣越,4.00,107,15.32,2.23,108/3,20191218,2019,12,18
654,4439,冠星-KY,0.00,107,20.32,3.04,108/3,20191218,2019,12,18
655,4526,東台,1.78,107,19.59,0.80,108/3,20191218,2019,12,18
656,4532,瑞智,5.16,107,14.81,1.46,108/3,20191218,2019,12,18
657,4536,拓凱,4.09,107,12.66,2.34,108/3,20191218,2019,12,18
658,4540,全球傳動,7.09,107,71.55,1.56,108/3,20191218,2019,12,18
659,4545,銘鈺,1.28,107,101.30,1.24,108/3,20191218,2019,12,18
660,4551,智伸科,1.74,107,23.64,4.83,108/3,20191218,2019,12,18
661,4552,力達-KY,9.67,107,10.40,0.81,108/3,20191218,2019,12,18
662,4555,氣立,4.02,107,46.11,1.33,108/3,20191218,2019,12,18
663,4557,永新-KY,7.15,107,12.80,1.86,108/3,20191218,2019,12,18
664,4560,強信-KY,6.63,107,13.17,2.19,108/3,20191218,2019,12,18
665,4562,穎漢,6.12,107,52.13,1.42,108/3,20191218,2019,12,18
666,4564,元翎,5.73,107,12.80,1.79,108/3,20191218,2019,12,18
667,4566,時碩工業,3.92,107,15.07,1.56,108/3,20191218,2019,12,18
668,4571,鈞興-KY,1.60,107,15.22,2.00,108/3,20191218,2019,12,18
669,4572,駐龍,3.38,107,16.26,2.17,108/3,20191218,2019,12,18
670,4576,大銀微系統,0.92,107,69.84,3.08,108/3,20191218,2019,12,18
671,4720,德淵,1.08,107,23.88,1.14,108/3,20191218,2019,12,18
672,4722,國精化,6.49,107,11.37,1.13,108/3,20191218,2019,12,18
673,4725,信昌化,0.00,107,0.0,1.39,108/3,20191218,2019,12,18
674,4737,華廣,2.49,107,41.23,2.38,108/3,20191218,2019,12,18
675,4739,康普,4.27,107,51.30,2.05,108/3,20191218,2019,12,18
676,4746,台耀,1.26,107,20.84,0.88,108/3,20191218,2019,12,18
677,4755,三福化,5.90,107,11.99,1.33,108/3,20191218,2019,12,18
678,4763,材料-KY,3.24,107,21.29,5.33,108/3,20191218,2019,12,18
679,4764,雙鍵,8.80,107,16.80,2.20,108/3,20191218,2019,12,18
680,4766,南寶,3.21,107,18.14,1.93,108/3,20191218,2019,12,18
681,4807,日成-KY,13.70,107,0.0,1.30,108/3,20191218,2019,12,18
682,4904,遠傳,5.17,107,28.66,3.49,108/3,20191218,2019,12,18
683,4906,正文,0.00,107,31.20,1.08,108/3,20191218,2019,12,18
684,4912,聯德控股-KY,4.19,107,15.74,2.73,108/3,20191218,2019,12,18
685,4915,致伸,3.85,107,13.90,2.34,108/3,20191218,2019,12,18
686,4916,事欣科,7.29,107,8.13,1.73,108/3,20191218,2019,12,18
687,4919,新唐,5.32,107,18.08,2.58,108/3,20191218,2019,12,18
688,4927,泰鼎-KY,5.45,107,8.23,1.15,108/3,20191218,2019,12,18
689,4930,燦星網,0.00,107,42.50,0.40,108/3,20191218,2019,12,18
690,4934,太極,0.00,107,0.0,0.85,108/3,20191218,2019,12,18
691,4935,茂林-KY,0.71,107,57.95,2.40,108/3,20191218,2019,12,18
692,4938,和碩,4.92,107,12.93,1.22,108/3,20191218,2019,12,18
693,4942,嘉彰,5.79,107,9.72,0.87,108/3,20191218,2019,12,18
694,4943,康控-KY,2.95,107,48.88,4.96,108/3,20191218,2019,12,18
695,4952,凌通,7.40,107,14.76,1.84,108/3,20191218,2019,12,18
696,4956,光鋐,0.00,107,0.0,0.76,108/3,20191218,2019,12,18
697,4958,臻鼎-KY,3.15,107,14.89,1.99,108/3,20191218,2019,12,18
698,4960,誠美材,0.00,107,0.0,0.44,108/3,20191218,2019,12,18
699,4961,天鈺,3.38,107,19.25,1.68,108/3,20191218,2019,12,18
700,4967,十銓,6.67,107,37.97,1.79,108/3,20191218,2019,12,18
701,4968,立積,0.85,107,58.67,8.27,108/3,20191218,2019,12,18
702,4976,佳凌,0.00,107,0.0,1.81,108/3,20191218,2019,12,18
703,4977,眾達-KY,3.78,107,27.72,3.28,108/3,20191218,2019,12,18
704,4989,榮科,6.49,107,33.31,1.75,108/3,20191218,2019,12,18
705,4994,傳奇,0.00,107,34.49,6.80,108/3,20191218,2019,12,18
706,4999,鑫禾,8.16,107,11.79,0.98,108/3,20191218,2019,12,18
707,5007,三星,5.86,107,16.84,2.47,108/3,20191218,2019,12,18
708,5203,訊連,2.65,107,25.86,2.31,108/3,20191218,2019,12,18
709,5215,科嘉-KY,3.79,107,15.64,1.91,108/3,20191218,2019,12,18
710,5225,東科-KY,2.30,107,7.60,1.79,108/3,20191218,2019,12,18
711,5234,達興材料,5.43,107,14.07,3.62,108/3,20191218,2019,12,18
712,5243,乙盛-KY,3.97,107,12.08,1.08,108/3,20191218,2019,12,18
713,5258,虹堡,0.00,107,0.0,2.32,108/3,20191218,2019,12,18
714,5264,鎧勝-KY,2.09,107,0.0,0.64,108/3,20191218,2019,12,18
715,5269,祥碩,1.88,107,36.87,16.39,108/3,20191218,2019,12,18
716,5283,禾聯碩,9.25,107,9.49,1.86,108/3,20191218,2019,12,18
717,5284,jpp-KY,5.15,107,17.97,1.17,108/3,20191218,2019,12,18
718,5285,界霖,5.64,107,20.32,2.22,108/3,20191218,2019,12,18
719,5288,豐祥-KY,4.03,107,12.98,2.72,108/3,20191218,2019,12,18
720,5305,敦南,5.53,107,19.88,1.65,108/3,20191218,2019,12,18
721,5388,中磊,3.24,107,19.59,2.62,108/3,20191218,2019,12,18
722,5434,崇越,4.88,107,11.48,2.20,108/3,20191218,2019,12,18
723,5469,瀚宇博,2.85,107,7.58,0.92,108/3,20191218,2019,12,18
724,5471,松翰,6.30,107,17.46,1.87,108/3,20191218,2019,12,18
725,5484,慧友,0.00,107,0.0,0.97,108/3,20191218,2019,12,18
726,5515,建國,4.72,107,14.52,0.65,108/3,20191218,2019,12,18
727,5519,隆大,5.86,107,4.92,0.82,108/3,20191218,2019,12,18
728,5521,工信,0.00,107,0.0,0.91,108/3,20191218,2019,12,18
729,5522,遠雄,7.44,107,13.66,0.80,108/3,20191218,2019,12,18
730,5525,順天,13.10,107,8.58,1.23,108/3,20191218,2019,12,18
731,5531,鄉林,0.91,107,0.0,1.01,108/3,20191218,2019,12,18
732,5533,皇鼎,4.38,107,36.36,0.62,108/3,20191218,2019,12,18
733,5534,長虹,8.45,107,8.77,1.46,108/3,20191218,2019,12,18
734,5538,東明-KY,6.21,107,14.50,1.44,108/3,20191218,2019,12,18
735,5607,遠雄港,1.54,107,8.86,1.04,108/3,20191218,2019,12,18
736,5608,四維航,0.00,107,0.0,0.46,108/3,20191218,2019,12,18
737,5706,鳳凰,5.31,107,11.87,2.22,108/3,20191218,2019,12,18
738,5871,中租-KY,3.27,107,12.33,2.75,108/3,20191218,2019,12,18
739,5876,上海商銀,3.89,107,14.77,1.52,108/3,20191218,2019,12,18
740,5880,合庫金,5.00,107,16.67,1.25,108/3,20191218,2019,12,18
741,5906,台南-KY,0.00,107,12.39,1.19,108/3,20191218,2019,12,18
742,5907,大洋-KY,5.85,107,11.99,0.64,108/3,20191218,2019,12,18
743,6005,群益證,3.69,107,16.19,0.72,108/3,20191218,2019,12,18
744,6024,群益期,7.89,107,14.18,1.55,108/3,20191218,2019,12,18
745,6108,競國,9.62,107,9.56,1.10,108/3,20191218,2019,12,18
746,6112,聚碩,5.77,107,17.33,1.56,108/3,20191218,2019,12,18
747,6115,鎰勝,6.90,107,13.45,1.72,108/3,20191218,2019,12,18
748,6116,彩晶,3.70,107,0.0,0.62,108/3,20191218,2019,12,18
749,6117,迎廣,0.00,107,0.0,0.95,108/3,20191218,2019,12,18
750,6120,達運,2.17,107,0.0,0.92,108/3,20191218,2019,12,18
751,6128,上福,6.55,107,10.61,1.13,108/3,20191218,2019,12,18
752,6131,悠克,0.00,107,0.0,2.35,108/3,20191218,2019,12,18
753,6133,金橋,3.05,107,27.33,0.65,108/3,20191218,2019,12,18
754,6136,富爾特,7.56,107,28.77,0.89,108/3,20191218,2019,12,18
755,6139,亞翔,4.83,107,11.72,0.91,108/3,20191218,2019,12,18
756,6141,柏承,0.43,107,136.76,1.76,108/3,20191218,2019,12,18
757,6142,友勁,0.00,107,0.0,0.88,108/3,20191218,2019,12,18
758,6152,百一,0.00,107,0.0,0.90,108/3,20191218,2019,12,18
759,6153,嘉聯益,1.68,107,21.83,1.32,108/3,20191218,2019,12,18
760,6155,鈞寶,3.61,107,24.30,1.68,108/3,20191218,2019,12,18
761,6164,華興,2.84,107,0.0,0.61,108/3,20191218,2019,12,18
762,6165,捷泰,0.00,107,0.0,2.27,108/3,20191218,2019,12,18
763,6166,凌華,2.74,107,23.61,2.25,108/3,20191218,2019,12,18
764,6168,宏齊,7.46,107,22.33,1.04,108/3,20191218,2019,12,18
765,6172,互億,0.00,107,46.83,1.81,108/3,20191218,2019,12,18
766,6176,瑞儀,5.81,107,8.14,2.06,108/3,20191218,2019,12,18
767,6177,達麗,3.57,107,7.37,1.60,108/3,20191218,2019,12,18
768,6183,關貿,4.49,107,20.53,2.62,108/3,20191218,2019,12,18
769,6184,大豐電,6.20,107,12.36,1.46,108/3,20191218,2019,12,18
770,6189,豐藝,7.54,107,11.75,1.72,108/3,20191218,2019,12,18
771,6191,精成科,1.76,107,9.74,0.62,108/3,20191218,2019,12,18
772,6192,巨路,4.07,107,10.40,1.81,108/3,20191218,2019,12,18
773,6196,帆宣,3.21,107,28.68,3.08,108/3,20191218,2019,12,18
774,6197,佳必琪,5.67,107,13.32,1.43,108/3,20191218,2019,12,18
775,6201,亞弘電,7.61,107,9.52,1.32,108/3,20191218,2019,12,18
776,6202,盛群,6.64,107,16.98,4.18,108/3,20191218,2019,12,18
777,6205,詮欣,5.70,107,15.11,1.11,108/3,20191218,2019,12,18
778,6206,飛捷,7.01,107,14.26,2.40,108/3,20191218,2019,12,18
779,6209,今國光,0.00,107,0.0,1.52,108/3,20191218,2019,12,18
780,6213,聯茂,2.95,107,16.82,4.62,108/3,20191218,2019,12,18
781,6214,精誠,6.66,107,16.99,1.44,108/3,20191218,2019,12,18
782,6215,和椿,3.13,107,26.67,1.13,108/3,20191218,2019,12,18
783,6216,居易,7.07,107,14.43,1.60,108/3,20191218,2019,12,18
784,6224,聚鼎,5.67,107,16.78,2.56,108/3,20191218,2019,12,18
785,6225,天瀚,0.00,107,0.0,15.00,108/3,20191218,2019,12,18
786,6226,光鼎,1.51,107,396.50,0.79,108/3,20191218,2019,12,18
787,6230,超眾,1.84,107,27.99,5.56,108/3,20191218,2019,12,18
788,6235,華孚,3.85,107,0.0,1.24,108/3,20191218,2019,12,18
789,6239,力成,4.57,107,15.93,1.98,108/3,20191218,2019,12,18
790,6243,迅杰,0.00,107,0.0,1.47,108/3,20191218,2019,12,18
791,6251,定穎,0.00,107,37.17,1.22,108/3,20191218,2019,12,18
792,6257,矽格,5.60,107,13.68,1.43,108/3,20191218,2019,12,18
793,6269,台郡,4.37,107,13.25,1.89,108/3,20191218,2019,12,18
794,6271,同欣電,4.33,107,28.97,2.30,108/3,20191218,2019,12,18
795,6277,宏正,9.14,107,8.49,2.63,108/3,20191218,2019,12,18
796,6278,台表科,1.16,107,17.91,2.60,108/3,20191218,2019,12,18
797,6281,全國電,5.88,107,17.26,2.84,108/3,20191218,2019,12,18
798,6282,康舒,4.21,107,8.02,1.33,108/3,20191218,2019,12,18
799,6283,淳安,0.00,107,135.23,2.20,108/3,20191218,2019,12,18
800,6285,啟,4.63,107,16.95,1.86,108/3,20191218,2019,12,18
801,6288,聯嘉,2.09,107,23.69,1.95,108/3,20191218,2019,12,18
802,6289,華上,0.00,107,0.0,4.60,108/3,20191218,2019,12,18
803,6405,悅城,3.32,107,752.50,0.54,108/3,20191218,2019,12,18
804,6409,旭隼,2.97,107,29.04,13.74,108/3,20191218,2019,12,18
805,6412,群電,3.16,107,15.05,3.04,108/3,20191218,2019,12,18
806,6414,樺漢,2.78,107,20.40,2.56,108/3,20191218,2019,12,18
807,6415,矽力-KY,0.68,107,42.71,6.06,108/3,20191218,2019,12,18
808,6416,瑞祺電通,3.73,107,20.24,2.61,108/3,20191218,2019,12,18
809,6431,光麗-KY,0.00,107,0.0,3.17,108/3,20191218,2019,12,18
810,6442,光聖,5.33,107,28.45,1.27,108/3,20191218,2019,12,18
811,6443,元晶,0.00,107,0.0,0.83,108/3,20191218,2019,12,18
812,6449,鈺邦,2.46,107,39.41,1.76,108/3,20191218,2019,12,18
813,6451,訊芯-KY,1.71,107,21.77,2.56,108/3,20191218,2019,12,18
814,6452,康友-KY,2.89,107,14.71,2.19,108/3,20191218,2019,12,18
815,6456,GIS-KY,3.62,107,9.74,1.51,108/3,20191218,2019,12,18
816,6464,台數科,4.88,107,21.58,2.24,108/3,20191218,2019,12,18
817,6477,安集,3.54,107,9.54,1.16,108/3,20191218,2019,12,18
818,6491,晶碩,0.86,107,20.52,4.38,108/3,20191218,2019,12,18
819,6504,南六,3.70,107,19.18,3.27,108/3,20191218,2019,12,18
820,6505,台塑化,4.90,107,36.57,2.87,108/3,20191218,2019,12,18
821,6525,捷敏-KY,7.51,107,12.78,2.45,108/3,20191218,2019,12,18
822,6531,愛普,0.57,107,0.0,3.10,108/3,20191218,2019,12,18
823,6533,晶心科,0.53,107,122.43,4.80,108/3,20191218,2019,12,18
824,6541,泰福-KY,0.00,107,0.0,3.67,108/3,20191218,2019,12,18
825,6552,易華電,2.50,107,13.97,3.69,108/3,20191218,2019,12,18
826,6558,興能高,1.66,107,31.48,4.58,108/3,20191218,2019,12,18
827,6573,虹揚-KY,2.03,107,0.0,1.26,108/3,20191218,2019,12,18
828,6579,研揚,5.69,107,24.28,1.40,108/3,20191218,2019,12,18
829,6581,鋼聯,5.82,107,15.00,2.80,108/3,20191218,2019,12,18
830,6582,申豐,6.20,107,12.06,1.78,108/3,20191218,2019,12,18
831,6591,動力-KY,2.90,107,18.27,1.40,108/3,20191218,2019,12,18
832,6592,和潤企業,3.87,107,15.62,2.96,108/3,20191218,2019,12,18
833,6605,帝寶,3.83,107,12.17,0.78,108/3,20191218,2019,12,18
834,6625,必應,4.24,107,0.0,3.12,108/3,20191218,2019,12,18
835,6641,基士德-KY,5.51,107,10.88,1.99,108/3,20191218,2019,12,18
836,6655,科定,4.95,107,18.45,1.28,108/3,20191218,2019,12,18
837,6666,羅麗芬-KY,4.57,107,16.75,4.76,108/3,20191218,2019,12,18
838,6668,中揚光,1.27,107,61.72,2.98,108/3,20191218,2019,12,18
839,6669,緯穎,2.61,107,19.49,5.81,108/3,20191218,2019,12,18
840,6670,復盛應用,6.13,107,11.67,4.16,108/3,20191218,2019,12,18
841,6671,三能-KY,8.03,107,14.09,1.47,108/3,20191218,2019,12,18
842,6672,騰輝電子-KY,3.55,107,15.63,2.94,108/3,20191218,2019,12,18
843,6674,鋐寶科技,6.12,107,43.24,1.15,108/3,20191218,2019,12,18
844,6698,旭暉應材,1.10,107,29.87,6.05,108/3,20191218,2019,12,18
845,6715,嘉基,0.55,107,20.82,4.81,108/3,20191218,2019,12,18
846,8011,台通,0.00,107,0.0,0.74,108/3,20191218,2019,12,18
847,8016,矽創,2.99,107,17.76,3.96,108/3,20191218,2019,12,18
848,8021,尖點,5.17,107,14.50,0.77,108/3,20191218,2019,12,18
849,8028,昇陽半導體,2.20,107,27.54,4.28,108/3,20191218,2019,12,18
850,8033,雷虎,0.00,107,0.0,1.91,108/3,20191218,2019,12,18
851,8039,台虹,5.43,107,14.79,1.34,108/3,20191218,2019,12,18
852,8046,南電,1.42,107,109.33,1.09,108/3,20191218,2019,12,18
853,8070,長華,6.88,107,9.67,1.97,108/3,20191218,2019,12,18
854,8072,陞泰,2.43,107,0.0,0.74,108/3,20191218,2019,12,18
855,8081,致新,3.98,107,15.77,2.68,108/3,20191218,2019,12,18
856,8101,華冠,0.00,107,0.0,1.02,108/3,20191218,2019,12,18
857,8103,瀚荃,3.72,107,11.00,0.87,108/3,20191218,2019,12,18
858,8104,錸寶,5.42,107,28.07,2.00,108/3,20191218,2019,12,18
859,8105,凌巨,0.00,107,14.89,0.69,108/3,20191218,2019,12,18
860,8110,華東,2.45,107,51.04,0.58,108/3,20191218,2019,12,18
861,8112,至上,9.90,107,9.18,1.50,108/3,20191218,2019,12,18
862,8114,振樺電,5.90,107,17.50,2.73,108/3,20191218,2019,12,18
863,8131,福懋科,6.78,107,13.72,1.47,108/3,20191218,2019,12,18
864,8150,南茂,3.34,107,10.17,1.36,108/3,20191218,2019,12,18
865,8163,達方,7.98,107,12.15,1.43,108/3,20191218,2019,12,18
866,8201,無敵,0.00,107,0.0,1.02,108/3,20191218,2019,12,18
867,8210,勤誠,4.71,107,11.43,3.12,108/3,20191218,2019,12,18
868,8213,志超,6.01,107,7.74,0.87,108/3,20191218,2019,12,18
869,8215,明基材,3.28,107,18.67,1.43,108/3,20191218,2019,12,18
870,8222,寶一,2.78,107,20.93,1.34,108/3,20191218,2019,12,18
871,8249,菱光,5.90,107,11.19,0.84,108/3,20191218,2019,12,18
872,8261,富鼎,3.33,107,29.17,1.75,108/3,20191218,2019,12,18
873,8271,宇瞻,6.00,107,12.30,1.56,108/3,20191218,2019,12,18
874,8341,日友,2.77,107,26.32,9.39,108/3,20191218,2019,12,18
875,8367,建新國際,3.60,107,14.30,1.16,108/3,20191218,2019,12,18
876,8374,羅昇,2.20,107,0.0,1.34,108/3,20191218,2019,12,18
877,8404,百和興業-KY,2.40,107,29.61,2.73,108/3,20191218,2019,12,18
878,8411,福貞-KY,0.00,107,0.0,0.52,108/3,20191218,2019,12,18
879,8422,可寧衛,6.37,107,15.13,3.23,108/3,20191218,2019,12,18
880,8427,基勝-KY,0.00,107,23.90,1.02,108/3,20191218,2019,12,18
881,8429,金麗-KY,2.67,107,10.23,0.30,108/3,20191218,2019,12,18
882,8442,威宏-KY,2.71,107,12.15,2.06,108/3,20191218,2019,12,18
883,8443,阿瘦,3.84,107,0.0,0.50,108/3,20191218,2019,12,18
884,8454,富邦媒,3.07,107,29.66,6.96,108/3,20191218,2019,12,18
885,8462,柏文,3.10,107,27.07,7.31,108/3,20191218,2019,12,18
886,8463,潤泰材,1.51,107,66.36,3.03,108/3,20191218,2019,12,18
887,8464,億豐,3.62,107,18.77,6.34,108/3,20191218,2019,12,18
888,8466,美吉吉-KY,4.30,107,10.10,1.80,108/3,20191218,2019,12,18
889,8467,波力-KY,3.63,107,23.40,2.49,108/3,20191218,2019,12,18
890,8473,山林水,5.12,107,22.42,1.20,108/3,20191218,2019,12,18
891,8478,東哥遊艇,4.51,107,15.71,1.62,108/3,20191218,2019,12,18
892,8480,泰昇-KY,3.68,107,17.91,3.36,108/3,20191218,2019,12,18
893,8481,政伸,5.05,107,16.97,3.24,108/3,20191218,2019,12,18
894,8482,商億-KY,5.80,107,15.70,4.99,108/3,20191218,2019,12,18
895,8488,吉源-KY,2.95,107,25.68,0.47,108/3,20191218,2019,12,18
896,8497,格威傳媒,6.69,107,10.67,2.92,108/3,20191218,2019,12,18
897,8499,鼎炫-KY,4.72,107,11.18,3.07,108/3,20191218,2019,12,18
898,8926,台汽電,5.09,107,22.83,1.47,108/3,20191218,2019,12,18
899,8940,新天地,0.00,107,0.0,1.17,108/3,20191218,2019,12,18
900,8996,高力,4.31,107,23.32,2.30,108/3,20191218,2019,12,18
901,9802,鈺齊-KY,2.94,107,19.21,2.69,108/3,20191218,2019,12,18
902,9902,台火,2.84,107,25.12,0.84,108/3,20191218,2019,12,18
903,9904,寶成,3.83,107,8.50,0.98,108/3,20191218,2019,12,18
904,9905,大華,4.12,107,15.95,1.08,108/3,20191218,2019,12,18
905,9906,欣巴巴,0.00,107,0.0,1.90,108/3,20191218,2019,12,18
906,9907,統一實,3.93,107,24.90,1.06,108/3,20191218,2019,12,18
907,9908,大台北,3.50,107,20.00,1.45,108/3,20191218,2019,12,18
908,9910,豐泰,3.97,107,22.12,8.64,108/3,20191218,2019,12,18
909,9911,櫻花,5.53,107,12.91,2.41,108/3,20191218,2019,12,18
910,9912,偉聯,0.00,107,0.0,0.79,108/3,20191218,2019,12,18
911,9914,美利達,2.03,107,21.48,3.80,108/3,20191218,2019,12,18
912,9917,中保科,4.50,107,18.33,3.85,108/3,20191218,2019,12,18
913,9918,欣天然,3.32,107,24.37,2.11,108/3,20191218,2019,12,18
914,9919,康那香,1.93,107,0.0,0.89,108/3,20191218,2019,12,18
915,9921,巨大,2.21,107,22.02,3.66,108/3,20191218,2019,12,18
916,9924,福興,5.45,107,9.48,1.55,108/3,20191218,2019,12,18
917,9925,新保,5.33,107,18.66,1.50,108/3,20191218,2019,12,18
918,9926,新海,3.58,107,19.98,2.51,108/3,20191218,2019,12,18
919,9927,泰銘,4.28,107,14.27,1.29,108/3,20191218,2019,12,18
920,9928,中視,0.00,107,0.0,1.54,108/3,20191218,2019,12,18
921,9929,秋雨,0.00,107,0.0,2.21,108/3,20191218,2019,12,18
922,9930,中聯資源,3.96,107,14.11,2.51,108/3,20191218,2019,12,18
923,9931,欣高,3.61,107,19.25,1.88,108/3,20191218,2019,12,18
924,9933,中鼎,5.90,107,27.64,1.77,108/3,20191218,2019,12,18
925,9934,成霖,7.43,107,9.26,1.08,108/3,20191218,2019,12,18
926,9935,慶豐富,0.79,107,25.80,3.56,108/3,20191218,2019,12,18
927,9937,全國,4.60,107,18.28,2.80,108/3,20191218,2019,12,18
928,9938,百和,3.23,107,15.57,2.64,108/3,20191218,2019,12,18
929,9939,宏全,3.83,107,14.46,1.34,108/3,20191218,2019,12,18
930,9940,信義,4.08,107,12.79,2.19,108/3,20191218,2019,12,18
931,9941,裕融,5.63,107,15.55,2.73,108/3,20191218,2019,12,18
932,9942,茂順,6.03,107,13.65,1.99,108/3,20191218,2019,12,18
933,9943,好樂迪,7.55,107,12.20,2.61,108/3,20191218,2019,12,18
934,9944,新麗,0.00,107,0.0,0.65,108/3,20191218,2019,12,18
935,9945,潤泰新,4.45,107,4.14,0.55,108/3,20191218,2019,12,18
936,9946,三發地產,3.82,107,5.33,1.23,108/3,20191218,2019,12,18
937,9955,佳龍,0.00,107,112.50,1.07,108/3,20191218,2019,12,18
938,9958,世紀鋼,0.41,107,25.33,3.56,108/3,20191218,2019,12,18
